,genre,metascore,imdbrating,internet_movie_database_rating,rotten_tomato_rating,metacritic_rating,budget
0,Action,74.0,8.8,8.8,87.0,74.0,160000000.0
1,Action,57.0,7.0,7.0,72.0,57.0,200000000.0
2,Mystery,63.0,8.2,8.2,68.0,63.0,80000000.0
3,Action,69.0,7.5,7.5,82.0,69.0,60000000.0
4,Comedy,30.0,6.0,6.0,11.0,30.0,80000000.0
5,Comedy,46.0,6.4,6.4,58.0,46.0,20000000.0
6,Action,66.0,7.6,7.6,76.0,66.0,30000000.0
7,Drama,79.0,8.0,8.0,85.0,79.0,13000000.0
8,Crime,74.0,7.5,7.5,92.0,74.0,37000000.0
9,Adventure,65.0,7.7,7.7,77.0,65.0,0.0
10,Comedy,45.0,7.7,7.7,54.0,45.0,14000000.0
11,Biography,95.0,7.7,7.7,96.0,95.0,40000000.0
12,Action,53.0,6.6,6.6,43.0,53.0,200000000.0
13,Action,53.0,6.6,6.6,43.0,53.0,100000000.0
14,Action,53.0,6.6,6.6,43.0,53.0,200000000.0
15,Action,53.0,6.6,6.6,43.0,53.0,100000000.0
16,Adventure,63.0,6.4,6.4,73.0,63.0,500000.0
17,Horror,52.0,6.8,6.8,66.0,52.0,1500000.0
18,Animation,71.0,7.7,7.7,89.0,71.0,260000000.0
19,Action,60.0,7.0,7.0,72.0,60.0,58000000.0
20,Horror,27.0,6.3,6.3,32.0,27.0,2000000.0
21,Action,20.0,4.0,4.0,5.0,20.0,150000000.0
22,Animation,75.0,8.1,8.1,99.0,75.0,165000000.0
23,Crime,61.0,6.3,6.3,66.0,61.0,20000000.0
24,Drama,80.0,8.3,8.3,92.0,80.0,6800000.0
25,Comedy,27.0,4.5,4.5,15.0,27.0,100000000.0
26,Drama,47.0,6.4,6.4,37.0,47.0,55000000.0
27,Adventure,53.0,6.4,6.4,51.0,53.0,200000000.0
28,Animation,72.0,7.6,7.6,81.0,72.0,69000000.0
29,Drama,80.0,7.6,7.6,95.0,80.0,38000000.0
30,Action,37.0,6.0,6.0,20.0,37.0,100000000.0
31,Action,58.0,5.0,5.0,47.0,58.0,68000000.0
32,Action,39.0,5.8,5.8,27.0,39.0,15000000.0
33,Action,39.0,5.8,5.8,27.0,39.0,125000000.0
34,Action,53.0,6.9,6.9,46.0,53.0,80000000.0
35,Drama,81.0,7.3,7.3,86.0,81.0,1000000.0
36,Action,46.0,6.3,6.3,52.0,46.0,117000000.0
37,Comedy,53.0,5.4,5.4,74.0,53.0,24000000.0
38,Biography,82.0,7.5,7.5,93.0,82.0,18000000.0
39,Action,45.0,6.5,6.5,42.0,45.0,80000000.0
40,Action,64.0,6.7,6.7,79.0,64.0,100000000.0
41,Action,49.0,6.8,6.8,51.0,49.0,170000000.0
42,Comedy,39.0,6.5,6.5,29.0,39.0,38000000.0
43,Action,67.0,7.8,7.8,81.0,67.0,0.0
44,Animation,92.0,8.2,8.2,98.0,92.0,200000000.0
45,Action,52.0,7.3,7.3,50.0,52.0,30000000.0
46,Comedy,72.0,7.0,7.0,85.0,72.0,8000000.0
47,Biography,88.0,8.0,8.0,94.0,88.0,15000000.0
48,Biography,79.0,7.8,7.8,91.0,79.0,25000000.0
49,Action,60.0,6.6,6.6,72.0,60.0,10500000.0
50,Drama,65.0,6.8,6.8,77.0,65.0,20000000.0
51,Animation,63.0,7.3,7.3,72.0,63.0,130000000.0
52,Action,44.0,6.3,6.3,48.0,44.0,25000000.0
53,Action,69.0,6.8,6.8,87.0,69.0,100000000.0
54,Biography,50.0,5.8,5.8,36.0,50.0,60000000.0
55,Action,62.0,6.3,6.3,61.0,62.0,12000000.0
56,Action,47.0,6.7,6.7,49.0,47.0,110000000.0
57,Crime,83.0,7.3,7.3,95.0,83.0,0.0
58,Comedy,63.0,6.4,6.4,63.0,63.0,36000000.0
59,Animation,56.0,6.2,6.2,54.0,56.0,15000000.0
60,Drama,69.0,7.1,7.1,71.0,69.0,15000000.0
61,Action,51.0,6.4,6.4,64.0,51.0,40000000.0
62,Drama,65.0,7.0,7.0,87.0,65.0,3000000.0
63,Action,32.0,5.3,5.3,19.0,32.0,26000000.0
64,Drama,40.0,7.1,7.1,27.0,40.0,16000000.0
65,Action,33.0,4.7,4.7,12.0,33.0,47000000.0
66,Action,65.0,6.4,6.4,61.0,65.0,110000000.0
67,Comedy,57.0,6.5,6.5,55.0,57.0,40000000.0
68,Drama,90.0,7.2,7.2,94.0,90.0,2000000.0
69,Action,37.0,5.8,5.8,21.0,37.0,60000000.0
70,Action,45.0,6.2,6.2,28.0,45.0,32000000.0
71,Comedy,70.0,7.5,7.5,88.0,70.0,0.0
72,Adventure,66.0,7.3,7.3,74.0,66.0,30000000.0
73,Action,21.0,5.5,5.5,10.0,21.0,75000000.0
74,Comedy,65.0,7.5,7.5,85.0,65.0,0.0
75,Comedy,51.0,6.5,6.5,39.0,51.0,65000000.0
76,Horror,44.0,6.2,6.2,49.0,44.0,10000000.0
77,Action,63.0,6.8,6.8,53.0,63.0,100000000.0
78,Action,44.0,6.4,6.4,42.0,44.0,24000000.0
79,Action,50.0,6.7,6.7,49.0,50.0,2500000.0
80,Comedy,63.0,7.1,7.1,58.0,63.0,8000000.0
81,Horror,56.0,6.5,6.5,70.0,56.0,20000000.0
82,Animation,58.0,6.3,6.3,58.0,58.0,165000000.0
83,Crime,24.0,5.6,5.6,10.0,24.0,0.0
84,Drama,79.0,7.1,7.1,88.0,79.0,20000000.0
85,Drama,43.0,5.8,5.8,34.0,43.0,0.0
86,Comedy,86.0,7.0,7.0,92.0,86.0,4000000.0
87,Comedy,56.0,6.3,6.3,66.0,56.0,55000000.0
88,Comedy,33.0,6.5,6.5,23.0,33.0,19000000.0
89,Comedy,68.0,7.3,7.3,83.0,68.0,0.0
90,Comedy,27.0,5.5,5.5,9.0,27.0,100000000.0
91,Biography,65.0,6.5,6.5,69.0,65.0,10000000.0
92,Action,46.0,6.1,6.1,40.0,46.0,150000000.0
93,Action,43.0,5.6,5.6,48.0,43.0,10000000.0
94,Adventure,75.0,7.4,7.4,90.0,75.0,0.0
95,Animation,75.0,7.4,7.4,90.0,75.0,150000000.0
96,Adventure,75.0,7.4,7.4,90.0,75.0,0.0
97,Animation,75.0,7.4,7.4,90.0,75.0,150000000.0
98,Horror,49.0,6.0,6.0,61.0,49.0,0.0
99,Crime,77.0,7.2,7.2,84.0,77.0,45000000.0
100,Action,26.0,4.4,4.4,15.0,26.0,10000000.0
101,Drama,87.0,6.7,6.7,89.0,87.0,0.0
102,Action,55.0,6.6,6.6,55.0,55.0,80000000.0
103,Action,0.0,7.8,7.8,100.0,0.0,0.0
104,Comedy,56.0,6.5,6.5,70.0,56.0,15000000.0
105,Drama,61.0,7.0,7.0,82.0,61.0,0.0
106,Comedy,34.0,5.7,5.7,18.0,34.0,52000000.0
107,Adventure,50.0,6.5,6.5,42.0,50.0,30000000.0
108,Drama,43.0,6.3,6.3,28.0,43.0,25000000.0
109,Comedy,65.0,6.3,6.3,72.0,65.0,40000000.0
110,Comedy,56.0,5.9,5.9,42.0,56.0,69000000.0
111,Comedy,46.0,5.4,5.4,31.0,46.0,120000000.0
112,Animation,80.0,7.6,7.6,95.0,80.0,23000000.0
113,Adventure,33.0,4.9,4.9,20.0,33.0,112000000.0
114,Comedy,76.0,7.3,7.3,88.0,76.0,0.0
115,Comedy,36.0,5.0,5.0,17.0,36.0,48000000.0
116,Comedy,52.0,6.1,6.1,52.0,52.0,19000000.0
117,Comedy,64.0,7.4,7.4,83.0,64.0,0.0
118,Comedy,50.0,5.1,5.1,24.0,50.0,0.0
119,Action,71.0,6.4,6.4,71.0,71.0,0.0
120,Drama,82.0,7.3,7.3,89.0,82.0,0.0
121,Drama,59.0,6.2,6.2,55.0,59.0,70000000.0
122,Drama,33.0,6.0,6.0,20.0,33.0,20000000.0
123,Action,31.0,5.6,5.6,19.0,31.0,30000000.0
124,Comedy,59.0,5.8,5.8,68.0,59.0,500000.0
125,Drama,58.0,7.5,7.5,66.0,58.0,0.0
126,Comedy,28.0,5.8,5.8,19.0,28.0,20000000.0
127,Action,22.0,5.6,5.6,12.0,22.0,40000000.0
128,Action,42.0,6.4,6.4,38.0,42.0,52000000.0
129,Action,84.0,7.6,7.6,95.0,84.0,6000000.0
130,Comedy,52.0,6.1,6.1,75.0,52.0,35000000.0
131,Crime,57.0,6.3,6.3,35.0,57.0,0.0
132,Action,41.0,6.8,6.8,33.0,41.0,8000000.0
133,Comedy,25.0,5.6,5.6,17.0,25.0,55000000.0
134,Comedy,51.0,6.3,6.3,54.0,51.0,32000000.0
135,Comedy,67.0,6.3,6.3,70.0,67.0,7000000.0
136,Biography,61.0,7.2,7.2,64.0,61.0,35000000.0
137,Action,67.0,7.5,7.5,97.0,67.0,0.0
138,Action,27.0,5.5,5.5,12.0,27.0,28000000.0
139,Drama,56.0,6.4,6.4,47.0,56.0,50000000.0
140,Action,32.0,6.3,6.3,22.0,32.0,32000000.0
141,Comedy,18.0,3.4,3.4,4.0,18.0,20000000.0
142,Comedy,48.0,6.2,6.2,53.0,48.0,0.0
143,Biography,59.0,7.1,7.1,75.0,59.0,0.0
144,Comedy,64.0,6.2,6.2,65.0,64.0,0.0
145,Action,22.0,5.6,5.6,3.0,22.0,5000000.0
146,Drama,68.0,6.4,6.4,70.0,68.0,0.0
147,Comedy,81.0,7.2,7.2,85.0,81.0,3200000.0
148,Drama,76.0,7.0,7.0,87.0,76.0,5000000.0
149,Adventure,85.0,6.6,6.6,86.0,85.0,2000000.0
150,Biography,61.0,7.2,7.2,68.0,61.0,12500000.0
151,Comedy,60.0,6.9,6.9,79.0,60.0,700000.0
152,Crime,60.0,6.9,6.9,79.0,60.0,4000000.0
153,Drama,50.0,8.0,8.0,85.0,50.0,12000000.0
154,Drama,50.0,6.6,6.6,53.0,50.0,0.0
155,Drama,69.0,6.7,6.7,67.0,69.0,15000000.0
156,Comedy,74.0,6.3,6.3,80.0,74.0,7000000.0
157,Horror,53.0,5.7,5.7,58.0,53.0,3000000.0
158,Crime,53.0,6.1,6.1,55.0,53.0,13000000.0
159,Comedy,56.0,5.8,5.8,42.0,56.0,7000000.0
160,Comedy,76.0,6.1,6.1,76.0,76.0,0.0
161,Drama,58.0,5.4,5.4,50.0,58.0,22000000.0
162,Comedy,43.0,4.7,4.7,27.0,43.0,20000000.0
163,Horror,63.0,5.7,5.7,72.0,63.0,1800000.0
164,Comedy,37.0,6.4,6.4,34.0,37.0,4000000.0
165,Crime,52.0,6.2,6.2,38.0,52.0,25000000.0
166,Action,69.0,6.8,6.8,79.0,69.0,50000000.0
167,Biography,69.0,6.8,6.8,79.0,69.0,22000000.0
168,Crime,25.0,5.3,5.3,29.0,25.0,0.0
169,Comedy,34.0,5.4,5.4,17.0,34.0,35000000.0
170,Drama,0.0,6.8,6.8,0.0,0.0,0.0
171,Drama,0.0,8.2,8.2,0.0,0.0,0.0
172,Fantasy,56.0,5.6,5.6,60.0,56.0,25000000.0
173,Drama,45.0,6.3,6.3,22.0,45.0,15000000.0
174,Comedy,50.0,7.1,7.1,42.0,50.0,0.0
175,Drama,37.0,6.4,6.4,28.0,37.0,44000000.0
176,Action,75.0,6.7,6.7,86.0,75.0,0.0
177,Drama,66.0,6.5,6.5,74.0,66.0,650000.0
178,Horror,50.0,4.9,4.9,48.0,50.0,10000000.0
179,Comedy,67.0,7.3,7.3,78.0,67.0,30000000.0
180,Comedy,51.0,6.3,6.3,46.0,51.0,22000000.0
181,Crime,55.0,6.9,6.9,56.0,55.0,25000000.0
182,Comedy,23.0,3.9,3.9,0.0,23.0,35000000.0
183,Comedy,43.0,5.4,5.4,30.0,43.0,20000000.0
184,Comedy,49.0,6.0,6.0,42.0,49.0,12000000.0
185,Drama,45.0,6.4,6.4,28.0,45.0,31000000.0
186,Animation,35.0,4.6,4.6,12.0,35.0,80000000.0
187,Horror,25.0,4.8,4.8,10.0,25.0,25000000.0
188,Drama,59.0,7.5,7.5,72.0,59.0,0.0
189,Action,45.0,6.3,6.3,31.0,45.0,42000000.0
190,Action,49.0,5.5,5.5,42.0,49.0,800000.0
191,Comedy,0.0,7.0,7.0,89.0,0.0,0.0
192,Drama,45.0,7.0,7.0,55.0,45.0,7000000.0
193,Drama,50.0,6.1,6.1,32.0,50.0,21000000.0
194,Comedy,48.0,6.8,6.8,45.0,48.0,500000.0
195,Biography,37.0,5.6,5.6,13.0,37.0,25000000.0
196,Crime,63.0,6.5,6.5,64.0,63.0,0.0
197,Drama,22.0,4.6,4.6,3.0,22.0,8000000.0
198,Comedy,64.0,5.7,5.7,60.0,64.0,0.0
199,Drama,65.0,6.4,6.4,73.0,65.0,5000000.0
200,Action,57.0,7.0,7.0,77.0,57.0,150000000.0
201,Adventure,85.0,8.1,8.1,96.0,85.0,125000000.0
202,Drama,85.0,7.3,7.3,92.0,85.0,5000000.0
203,Comedy,75.0,6.8,6.8,90.0,75.0,32500000.0
204,Action,66.0,7.3,7.3,77.0,66.0,125000000.0
205,Comedy,81.0,7.7,7.7,93.0,81.0,17000000.0
206,Biography,87.0,7.6,7.6,94.0,87.0,50000000.0
207,Crime,71.0,7.8,7.8,86.0,71.0,13000000.0
208,Crime,71.0,7.8,7.8,86.0,71.0,90000000.0
209,Comedy,33.0,6.4,6.4,19.0,33.0,80000000.0
210,Biography,57.0,8.5,8.5,75.0,57.0,0.0
211,Crime,78.0,7.8,7.8,93.0,78.0,15000000.0
212,Action,39.0,5.5,5.5,26.0,39.0,200000000.0
213,Horror,72.0,7.0,7.0,92.0,72.0,30000000.0
214,Drama,62.0,8.0,8.0,76.0,62.0,25000000.0
215,Comedy,68.0,7.4,7.4,79.0,68.0,50000000.0
216,Comedy,50.0,6.2,6.2,49.0,50.0,25000000.0
217,Action,33.0,6.0,6.0,22.0,33.0,82000000.0
218,Action,71.0,8.1,8.1,83.0,71.0,25000000.0
219,Animation,67.0,7.2,7.2,81.0,67.0,150000000.0
220,Comedy,63.0,6.5,6.5,68.0,63.0,35000000.0
221,Action,46.0,6.0,6.0,48.0,46.0,75000000.0
222,Action,65.0,7.7,7.7,86.0,65.0,160000000.0
223,Drama,70.0,6.8,6.8,85.0,70.0,60000000.0
224,Comedy,47.0,5.6,5.6,45.0,47.0,20000000.0
225,Action,53.0,6.7,6.7,37.0,53.0,40000000.0
226,Drama,48.0,7.0,7.0,36.0,48.0,15000000.0
227,Horror,52.0,6.2,6.2,61.0,52.0,40000000.0
228,Drama,72.0,7.2,7.2,79.0,72.0,6500000.0
229,Action,73.0,7.4,7.4,93.0,73.0,145000000.0
230,Mystery,72.0,7.0,7.0,81.0,72.0,50000000.0
231,Drama,68.0,7.5,7.5,75.0,68.0,7000000.0
232,Sci-Fi,59.0,7.4,7.4,69.0,59.0,27000000.0
233,Action,56.0,6.8,6.8,55.0,56.0,30000000.0
234,Action,42.0,6.2,6.2,35.0,42.0,195000000.0
235,Drama,85.0,7.1,7.1,84.0,85.0,0.0
236,Adventure,45.0,4.9,4.9,25.0,45.0,110000000.0
237,Animation,57.0,6.1,6.1,40.0,57.0,200000000.0
238,Animation,75.0,7.2,7.2,88.0,75.0,135000000.0
239,Drama,80.0,7.2,7.2,80.0,80.0,7400000.0
240,Action,74.0,7.5,7.5,92.0,74.0,32000000.0
241,Action,56.0,7.0,7.0,60.0,56.0,110000000.0
242,Comedy,57.0,6.8,6.8,69.0,57.0,35000000.0
243,Animation,63.0,6.9,6.9,72.0,63.0,90000000.0
244,Drama,70.0,7.6,7.6,81.0,70.0,0.0
245,Action,48.0,7.5,7.5,59.0,48.0,125000000.0
246,Action,48.0,7.5,7.5,59.0,48.0,125000000.0
247,Action,35.0,5.7,5.7,26.0,35.0,30000000.0
248,Action,35.0,5.7,5.7,26.0,35.0,75000000.0
249,Action,59.0,6.2,6.2,68.0,59.0,75000000.0
250,Adventure,57.0,7.0,7.0,70.0,57.0,40000000.0
251,Comedy,58.0,7.1,7.1,65.0,58.0,50000000.0
252,Action,68.0,7.5,7.5,82.0,68.0,93000000.0
253,Adventure,31.0,5.5,5.5,27.0,31.0,49900000.0
254,Crime,63.0,7.3,7.3,83.0,63.0,40000000.0
255,Action,45.0,6.4,6.4,27.0,45.0,40000000.0
256,Comedy,41.0,6.1,6.1,37.0,41.0,30000000.0
257,Action,25.0,5.1,5.1,5.0,25.0,35000000.0
258,Drama,95.0,8.3,8.3,99.0,95.0,500000.0
259,Drama,83.0,7.5,7.5,93.0,83.0,150000000.0
260,Romance,60.0,7.0,7.0,71.0,60.0,50200000.0
261,Comedy,61.0,6.1,6.1,60.0,61.0,0.0
262,Drama,85.0,6.8,6.8,84.0,85.0,32000000.0
263,Drama,82.0,6.2,6.2,80.0,82.0,0.0
264,Crime,62.0,6.7,6.7,80.0,62.0,11000000.0
265,Drama,76.0,7.3,7.3,84.0,76.0,0.0
266,Drama,76.0,7.3,7.3,84.0,76.0,0.0
267,Biography,50.0,7.1,7.1,62.0,50.0,12000000.0
268,Action,72.0,7.2,7.2,74.0,72.0,66000000.0
269,Comedy,39.0,6.3,6.3,25.0,39.0,52000000.0
270,Action,73.0,7.6,7.6,87.0,73.0,1100000.0
271,Drama,76.0,7.1,7.1,87.0,76.0,3500000.0
272,Drama,75.0,6.9,6.9,90.0,75.0,0.0
273,Action,65.0,6.8,6.8,71.0,65.0,30000000.0
274,Comedy,72.0,7.6,7.6,93.0,72.0,8000000.0
275,Comedy,84.0,7.3,7.3,87.0,84.0,20000000.0
276,Animation,68.0,7.3,7.3,74.0,68.0,135000000.0
277,Action,18.0,4.9,4.9,12.0,18.0,30000000.0
278,Action,50.0,5.8,5.8,62.0,50.0,40000000.0
279,Action,36.0,6.1,6.1,33.0,36.0,60000000.0
280,Horror,66.0,6.6,6.6,79.0,66.0,1000000.0
281,Comedy,0.0,8.2,8.2,92.0,0.0,0.0
282,Adventure,63.0,6.7,6.7,72.0,63.0,0.0
283,Action,44.0,5.4,5.4,48.0,44.0,50000000.0
284,Comedy,23.0,3.3,3.3,3.0,23.0,79000000.0
285,Comedy,30.0,5.2,5.2,14.0,30.0,80000000.0
286,Comedy,44.0,6.5,6.5,34.0,44.0,80000000.0
287,Comedy,45.0,5.8,5.8,33.0,45.0,36000000.0
288,Comedy,62.0,7.3,7.3,78.0,62.0,10000000.0
289,Action,64.0,6.8,6.8,79.0,64.0,25000000.0
290,Comedy,39.0,5.7,5.7,22.0,39.0,25000000.0
291,Comedy,42.0,6.3,6.3,28.0,42.0,23000000.0
292,Action,49.0,6.6,6.6,53.0,49.0,40000000.0
293,Action,34.0,4.3,4.3,18.0,34.0,57000000.0
294,Action,37.0,5.7,5.7,36.0,37.0,70000000.0
295,Action,39.0,5.8,5.8,44.0,39.0,120000000.0
296,Action,44.0,6.4,6.4,28.0,44.0,70000000.0
297,Horror,22.0,4.0,4.0,18.0,22.0,25000000.0
298,Biography,59.0,6.5,6.5,43.0,59.0,35000000.0
299,Drama,35.0,6.0,6.0,6.0,35.0,50000000.0
300,Action,67.0,5.8,5.8,80.0,67.0,23000000.0
301,Biography,76.0,6.4,6.4,78.0,76.0,0.0
302,Adventure,75.0,7.1,7.1,95.0,75.0,45000000.0
303,Animation,30.0,5.4,5.4,21.0,30.0,110000000.0
304,Drama,67.0,7.1,7.1,84.0,67.0,12500000.0
305,Fantasy,64.0,6.4,6.4,72.0,64.0,9000000.0
306,Comedy,64.0,6.4,6.4,72.0,64.0,30000000.0
307,Biography,53.0,7.0,7.0,45.0,53.0,18000000.0
308,Comedy,89.0,7.9,7.9,95.0,89.0,15000000.0
309,Drama,52.0,6.9,6.9,60.0,52.0,38000000.0
310,Drama,84.0,7.6,7.6,97.0,84.0,0.0
311,Biography,66.0,6.6,6.6,84.0,66.0,2000000.0
312,Comedy,36.0,5.9,5.9,15.0,36.0,35000000.0
313,Drama,41.0,5.7,5.7,15.0,41.0,0.0
314,Action,41.0,5.7,5.7,15.0,41.0,60000000.0
315,Action,46.0,6.3,6.3,38.0,46.0,45000000.0
316,Comedy,0.0,8.4,8.4,0.0,0.0,0.0
317,Comedy,9.0,3.2,3.2,3.0,9.0,10000000.0
318,Animation,51.0,6.6,6.6,47.0,51.0,21000000.0
319,Action,67.0,6.4,6.4,78.0,67.0,0.0
320,Comedy,61.0,7.2,7.2,70.0,61.0,25000000.0
321,Action,75.0,6.7,6.7,90.0,75.0,13000000.0
322,Comedy,78.0,7.3,7.3,94.0,78.0,6000000.0
323,Comedy,71.0,6.3,6.3,80.0,71.0,12000000.0
324,Biography,52.0,7.1,7.1,54.0,52.0,19100000.0
325,Drama,66.0,6.9,6.9,66.0,66.0,100000.0
326,Drama,55.0,7.1,7.1,58.0,55.0,0.0
327,Drama,68.0,6.7,6.7,72.0,68.0,250000.0
328,Comedy,35.0,6.1,6.1,23.0,35.0,20000000.0
329,Drama,52.0,7.7,7.7,58.0,52.0,0.0
330,Animation,53.0,5.9,5.9,55.0,53.0,36000000.0
331,Animation,65.0,6.6,6.6,86.0,65.0,130000000.0
332,Drama,40.0,5.6,5.6,21.0,40.0,17000000.0
333,Biography,65.0,6.9,6.9,83.0,65.0,0.0
334,Adventure,61.0,6.7,6.7,67.0,61.0,0.0
335,Comedy,40.0,6.2,6.2,34.0,40.0,0.0
336,Biography,75.0,6.8,6.8,88.0,75.0,5000000.0
337,Action,28.0,5.4,5.4,11.0,28.0,40000000.0
338,Drama,49.0,5.3,5.3,43.0,49.0,2000000.0
339,Animation,74.0,7.2,7.2,90.0,74.0,30000000.0
340,Action,55.0,6.1,6.1,66.0,55.0,3000000.0
341,Action,55.0,6.2,6.2,39.0,55.0,25000000.0
342,Comedy,56.0,6.2,6.2,51.0,56.0,45000000.0
343,Animation,37.0,3.5,3.5,23.0,37.0,27000000.0
344,Drama,28.0,5.8,5.8,26.0,28.0,3000000.0
345,Fantasy,29.0,5.5,5.5,10.0,29.0,42000000.0
346,Drama,23.0,4.8,4.8,3.0,23.0,16000000.0
347,Comedy,58.0,6.8,6.8,67.0,58.0,0.0
348,Adventure,43.0,5.8,5.8,40.0,43.0,20000000.0
349,Drama,38.0,6.0,6.0,21.0,38.0,37000000.0
350,Comedy,22.0,5.7,5.7,7.0,22.0,56000000.0
351,Drama,67.0,6.6,6.6,75.0,67.0,135000.0
352,Drama,37.0,6.3,6.3,12.0,37.0,15000000.0
353,Comedy,64.0,6.8,6.8,81.0,64.0,0.0
354,Adventure,46.0,6.9,6.9,45.0,46.0,40000000.0
355,Animation,24.0,4.4,4.4,12.0,24.0,75000000.0
356,Drama,75.0,6.7,6.7,83.0,75.0,0.0
357,Comedy,60.0,6.4,6.4,70.0,60.0,5000000.0
358,Drama,81.0,7.6,7.6,95.0,81.0,0.0
359,Drama,43.0,6.2,6.2,20.0,43.0,0.0
360,Action,42.0,5.9,5.9,30.0,42.0,30000000.0
361,Comedy,53.0,6.2,6.2,42.0,53.0,41000000.0
362,Action,72.0,7.5,7.5,93.0,72.0,0.0
363,Action,50.0,6.2,6.2,61.0,50.0,4000000.0
364,Action,37.0,5.3,5.3,11.0,37.0,14000000.0
365,Crime,37.0,5.3,5.3,11.0,37.0,35000000.0
366,Action,43.0,6.8,6.8,28.0,43.0,30000000.0
367,Animation,71.0,7.4,7.4,86.0,71.0,22000000.0
368,Action,49.0,6.1,6.1,45.0,49.0,28000000.0
369,Biography,52.0,6.4,6.4,52.0,52.0,13000000.0
370,Comedy,72.0,6.7,6.7,83.0,72.0,125000.0
371,Comedy,53.0,6.0,6.0,47.0,53.0,55000000.0
372,Crime,49.0,5.7,5.7,37.0,49.0,0.0
373,Comedy,68.0,6.6,6.6,79.0,68.0,0.0
374,Comedy,44.0,6.1,6.1,35.0,44.0,0.0
375,Action,37.0,6.4,6.4,15.0,37.0,0.0
376,Drama,42.0,7.0,7.0,36.0,42.0,2000000.0
377,Horror,24.0,5.2,5.2,23.0,24.0,5000000.0
378,Drama,50.0,6.9,6.9,45.0,50.0,30000000.0
379,Animation,41.0,5.4,5.4,24.0,41.0,63000000.0
380,Drama,28.0,5.6,5.6,12.0,28.0,20000000.0
381,Drama,79.0,6.1,6.1,92.0,79.0,0.0
382,Drama,50.0,5.6,5.6,23.0,50.0,0.0
383,Drama,38.0,5.8,5.8,22.0,38.0,0.0
384,Animation,50.0,5.9,5.9,45.0,50.0,135000000.0
385,Biography,53.0,6.7,6.7,59.0,53.0,0.0
386,Drama,60.0,6.6,6.6,62.0,60.0,21000000.0
387,Action,58.0,6.7,6.7,70.0,58.0,0.0
388,Comedy,75.0,7.1,7.1,94.0,75.0,0.0
389,Drama,0.0,7.7,7.7,83.0,0.0,10920000.0
390,Action,22.0,4.5,4.5,5.0,22.0,32000000.0
391,Drama,65.0,7.6,7.6,83.0,65.0,0.0
392,Crime,82.0,7.9,7.9,92.0,82.0,0.0
393,Comedy,46.0,5.3,5.3,24.0,46.0,70000000.0
394,Drama,64.0,6.8,6.8,82.0,64.0,37000000.0
395,Action,69.0,8.0,8.0,91.0,69.0,60000000.0
396,Action,69.0,8.0,8.0,91.0,69.0,220000000.0
397,Drama,81.0,8.4,8.4,86.0,81.0,100000000.0
398,Adventure,58.0,7.8,7.8,64.0,58.0,180000000.0
399,Action,68.0,7.2,7.2,84.0,68.0,78000000.0
400,Action,78.0,8.4,8.4,87.0,78.0,250000000.0
401,Comedy,66.0,7.1,7.1,81.0,66.0,17000000.0
402,Comedy,59.0,6.2,6.2,51.0,59.0,35000000.0
403,Drama,77.0,8.3,8.3,93.0,77.0,3800000.0
404,Adventure,64.0,7.0,7.0,73.0,64.0,130000000.0
405,Comedy,84.0,7.8,7.8,93.0,84.0,16000000.0
406,Drama,73.0,7.6,7.6,81.0,73.0,45000000.0
407,Biography,86.0,7.7,7.7,96.0,86.0,44500000.0
408,Adventure,52.0,5.5,5.5,49.0,52.0,120000000.0
409,Action,50.0,7.0,7.0,63.0,50.0,60000000.0
410,Drama,95.0,7.4,7.4,91.0,95.0,40000000.0
411,Action,55.0,7.4,7.4,66.0,55.0,102000000.0
412,Action,81.0,7.8,7.8,92.0,81.0,200000000.0
413,Drama,67.0,7.9,7.9,85.0,67.0,13000000.0
414,Action,66.0,6.9,6.9,72.0,66.0,230000000.0
415,Crime,63.0,7.6,7.6,70.0,63.0,0.0
416,Drama,63.0,7.6,7.6,70.0,63.0,61000000.0
417,Comedy,81.0,7.7,7.7,92.0,81.0,21000000.0
418,Action,57.0,6.1,6.1,49.0,57.0,170000000.0
419,Drama,86.0,7.2,7.2,84.0,86.0,32000000.0
420,Action,84.0,7.4,7.4,93.0,84.0,30000000.0
421,Crime,64.0,6.2,6.2,74.0,64.0,15000000.0
422,Drama,76.0,7.3,7.3,77.0,76.0,31000000.0
423,Action,69.0,7.2,7.2,85.0,69.0,42000000.0
424,Comedy,62.0,6.9,6.9,69.0,62.0,50000000.0
425,Horror,53.0,6.8,6.8,63.0,53.0,3000000.0
426,Action,31.0,6.3,6.3,26.0,31.0,65000000.0
427,Comedy,31.0,5.5,5.5,0.0,31.0,70000000.0
428,Biography,86.0,7.3,7.3,89.0,86.0,65000000.0
429,Animation,69.0,7.1,7.1,78.0,69.0,185000000.0
430,Crime,68.0,7.3,7.3,78.0,68.0,15000000.0
431,Action,60.0,7.1,7.1,79.0,60.0,50000000.0
432,Comedy,55.0,6.2,6.2,35.0,55.0,150000000.0
433,Action,51.0,6.6,6.6,52.0,51.0,250000000.0
434,Action,41.0,5.8,5.8,34.0,41.0,209000000.0
435,Comedy,72.0,6.1,6.1,79.0,72.0,7000000.0
436,Animation,47.0,7.1,7.1,45.0,47.0,85000000.0
437,Crime,58.0,7.3,7.3,66.0,58.0,26000000.0
438,Crime,63.0,5.3,5.3,67.0,63.0,5000000.0
439,Action,39.0,6.3,6.3,26.0,39.0,70000000.0
440,Comedy,24.0,3.7,3.7,13.0,24.0,5000000.0
441,Action,52.0,6.7,6.7,53.0,52.0,85000000.0
442,Adventure,59.0,6.7,6.7,55.0,59.0,10000000.0
443,Drama,76.0,7.1,7.1,94.0,76.0,0.0
444,Action,61.0,6.6,6.6,55.0,61.0,125000000.0
445,Action,42.0,5.9,5.9,34.0,42.0,69000000.0
446,Animation,72.0,7.7,7.7,87.0,72.0,165000000.0
447,Comedy,48.0,6.7,6.7,28.0,48.0,18000000.0
448,Comedy,48.0,6.7,6.7,28.0,48.0,12000000.0
449,Comedy,49.0,6.7,6.7,45.0,49.0,50000000.0
450,Comedy,53.0,5.6,5.6,59.0,53.0,0.0
451,Crime,59.0,6.5,6.5,50.0,59.0,45000000.0
452,Adventure,79.0,7.9,7.9,86.0,79.0,120000000.0
453,Drama,63.0,6.6,6.6,63.0,63.0,35000000.0
454,Drama,63.0,6.6,6.6,63.0,63.0,40600000.0
455,Action,39.0,5.4,5.4,28.0,39.0,65000000.0
456,Action,58.0,6.8,6.8,68.0,58.0,225000000.0
457,Action,41.0,5.8,5.8,45.0,41.0,79000000.0
458,Comedy,66.0,7.2,7.2,83.0,66.0,15000000.0
459,Comedy,47.0,5.9,5.9,43.0,47.0,75000000.0
460,Comedy,58.0,6.4,6.4,57.0,58.0,65000000.0
461,Comedy,36.0,5.7,5.7,16.0,36.0,68000000.0
462,Action,51.0,6.6,6.6,67.0,51.0,100000000.0
463,Comedy,72.0,7.0,7.0,91.0,72.0,750000.0
464,Adventure,69.0,7.0,7.0,85.0,69.0,12000000.0
465,Action,31.0,5.4,5.4,15.0,31.0,17000000.0
466,Action,31.0,5.4,5.4,15.0,31.0,65000000.0
467,Action,68.0,7.6,7.6,85.0,68.0,7000000.0
468,Action,37.0,5.7,5.7,26.0,37.0,150000000.0
469,Drama,76.0,7.4,7.4,97.0,76.0,10000000.0
470,Animation,46.0,6.4,6.4,0.0,46.0,70000000.0
471,Action,40.0,6.6,6.6,31.0,40.0,42000000.0
472,Animation,54.0,6.3,6.3,52.0,54.0,22000000.0
473,Drama,39.0,6.5,6.5,20.0,39.0,25000000.0
474,Animation,58.0,7.3,7.3,75.0,58.0,145000000.0
475,Biography,60.0,6.8,6.8,66.0,60.0,10000000.0
476,Horror,0.0,7.7,7.7,0.0,0.0,6000000.0
477,Drama,66.0,6.5,6.5,65.0,66.0,0.0
478,Comedy,82.0,7.5,7.5,92.0,82.0,0.0
479,Animation,60.0,6.8,6.8,78.0,60.0,145000000.0
480,Comedy,62.0,6.2,6.2,64.0,62.0,30000000.0
481,Drama,31.0,5.6,5.6,13.0,31.0,10000000.0
482,Biography,79.0,7.2,7.2,91.0,79.0,1000000.0
483,Drama,62.0,6.4,6.4,66.0,62.0,17000000.0
484,Comedy,56.0,5.1,5.1,51.0,56.0,30000000.0
485,Comedy,51.0,6.5,6.5,54.0,51.0,12000000.0
486,Drama,43.0,6.8,6.8,31.0,43.0,30000000.0
487,Action,45.0,6.3,6.3,22.0,45.0,45000000.0
488,Crime,68.0,6.4,6.4,89.0,68.0,270000.0
489,Drama,73.0,7.5,7.5,82.0,73.0,0.0
490,Drama,57.0,6.4,6.4,54.0,57.0,2000000.0
491,Action,50.0,6.1,6.1,48.0,50.0,2000000.0
492,Action,40.0,6.5,6.5,28.0,40.0,12000000.0
493,Adventure,53.0,5.3,5.3,33.0,53.0,20000000.0
494,Adventure,56.0,6.1,6.1,45.0,56.0,25000000.0
495,Action,48.0,5.7,5.7,45.0,48.0,45000000.0
496,Comedy,0.0,4.4,4.4,14.0,0.0,11000000.0
497,Action,36.0,6.0,6.0,12.0,36.0,0.0
498,Comedy,55.0,6.8,6.8,47.0,55.0,2000000.0
499,Animation,49.0,6.5,6.5,37.0,49.0,95000000.0
500,Horror,55.0,5.8,5.8,57.0,55.0,0.0
501,Horror,26.0,6.0,6.0,48.0,26.0,2900000.0
502,Adventure,46.0,5.6,5.6,50.0,46.0,85000000.0
503,Drama,33.0,4.8,4.8,14.0,33.0,2500000.0
504,Biography,55.0,6.8,6.8,60.0,55.0,15700000.0
505,Horror,57.0,5.2,5.2,46.0,57.0,1500000.0
506,Drama,43.0,6.4,6.4,41.0,43.0,33000000.0
507,Comedy,67.0,7.2,7.2,79.0,67.0,8000000.0
508,Comedy,49.0,7.2,7.2,58.0,49.0,0.0
509,Crime,45.0,5.8,5.8,45.0,45.0,12500000.0
510,Horror,45.0,5.9,5.9,39.0,45.0,14000000.0
511,Action,16.0,5.0,5.0,10.0,16.0,20000000.0
512,Drama,55.0,6.5,6.5,59.0,55.0,1000000.0
513,Action,55.0,6.5,6.5,59.0,55.0,30000000.0
514,Comedy,43.0,6.4,6.4,31.0,43.0,900000.0
515,Action,30.0,5.2,5.2,11.0,30.0,35000000.0
516,Drama,94.0,7.9,7.9,93.0,94.0,8900000.0
517,Comedy,41.0,5.7,5.7,23.0,41.0,40000000.0
518,Drama,58.0,6.8,6.8,51.0,58.0,30000000.0
519,Action,40.0,6.4,6.4,41.0,40.0,42000000.0
520,Horror,38.0,6.1,6.1,38.0,38.0,7500000.0
521,Comedy,53.0,6.4,6.4,60.0,53.0,0.0
522,Comedy,54.0,6.3,6.3,46.0,54.0,0.0
523,Comedy,43.0,6.7,6.7,70.0,43.0,0.0
524,Animation,72.0,7.0,7.0,89.0,72.0,60000000.0
525,Action,51.0,6.4,6.4,51.0,51.0,25000000.0
526,Drama,36.0,6.2,6.2,30.0,36.0,0.0
527,Drama,73.0,6.6,6.6,87.0,73.0,12000000.0
528,Action,51.0,5.4,5.4,51.0,51.0,15000000.0
529,Crime,58.0,5.1,5.1,66.0,58.0,20500000.0
530,Comedy,50.0,6.1,6.1,66.0,50.0,95000000.0
531,Animation,74.0,6.9,6.9,87.0,74.0,39000000.0
532,Biography,73.0,7.5,7.5,90.0,73.0,0.0
533,Comedy,50.0,5.8,5.8,37.0,50.0,40000000.0
534,Comedy,41.0,6.5,6.5,36.0,41.0,15000000.0
535,Crime,52.0,6.3,6.3,34.0,52.0,10000000.0
536,Crime,52.0,6.3,6.3,34.0,52.0,12000000.0
537,Horror,65.0,5.7,5.7,76.0,65.0,0.0
538,Drama,37.0,7.0,7.0,24.0,37.0,6000000.0
539,Drama,70.0,7.7,7.7,83.0,70.0,0.0
540,Comedy,54.0,6.4,6.4,50.0,54.0,0.0
541,Drama,74.0,6.9,6.9,87.0,74.0,0.0
542,Comedy,66.0,7.0,7.0,89.0,66.0,0.0
543,Action,58.0,5.0,5.0,56.0,58.0,10000000.0
544,Drama,55.0,6.6,6.6,53.0,55.0,0.0
545,Drama,55.0,6.6,6.6,53.0,55.0,15000000.0
546,Adventure,86.0,7.3,7.3,86.0,86.0,1800000.0
547,Action,46.0,5.9,5.9,40.0,46.0,58000000.0
548,Drama,72.0,7.4,7.4,88.0,72.0,0.0
549,Action,22.0,4.9,4.9,4.0,22.0,20000000.0
550,Horror,18.0,4.1,4.1,3.0,18.0,17000000.0
551,Drama,58.0,5.9,5.9,47.0,58.0,0.0
552,Action,48.0,6.1,6.1,37.0,48.0,20000000.0
553,Biography,45.0,7.1,7.1,33.0,45.0,20000000.0
554,Action,22.0,5.3,5.3,2.0,22.0,40000000.0
555,Comedy,53.0,5.3,5.3,57.0,53.0,3000000.0
556,Comedy,38.0,4.8,4.8,18.0,38.0,26350000.0
557,Mystery,0.0,8.1,8.1,100.0,0.0,0.0
558,Comedy,36.0,6.0,6.0,18.0,36.0,25000000.0
559,Crime,44.0,6.4,6.4,22.0,44.0,26000000.0
560,Comedy,55.0,6.7,6.7,71.0,55.0,2000000.0
561,Action,43.0,5.5,5.5,20.0,43.0,35000000.0
562,Adventure,62.0,7.2,7.2,81.0,62.0,16600000.0
563,Horror,40.0,4.6,4.6,23.0,40.0,5000000.0
564,Drama,64.0,6.8,6.8,80.0,64.0,0.0
565,Comedy,64.0,6.8,6.8,80.0,64.0,11000000.0
566,Drama,50.0,5.8,5.8,47.0,50.0,0.0
567,Comedy,27.0,5.7,5.7,4.0,27.0,0.0
568,Comedy,27.0,5.7,5.7,4.0,27.0,35000000.0
569,Drama,45.0,6.4,6.4,28.0,45.0,60000000.0
570,Comedy,47.0,6.6,6.6,36.0,47.0,25000000.0
571,Action,66.0,6.5,6.5,74.0,66.0,35000000.0
572,Drama,65.0,6.0,6.0,68.0,65.0,20000000.0
573,Drama,64.0,7.5,7.5,70.0,64.0,10000000.0
574,Adventure,69.0,6.5,6.5,85.0,69.0,0.0
575,Animation,73.0,6.7,6.7,86.0,73.0,55000000.0
576,Horror,0.0,5.0,5.0,19.0,0.0,1000000.0
577,Crime,65.0,7.2,7.2,81.0,65.0,7395080.0
578,Comedy,65.0,6.3,6.3,75.0,65.0,30000000.0
579,Comedy,49.0,7.1,7.1,53.0,49.0,16000000.0
580,Comedy,43.0,4.7,4.7,37.0,43.0,0.0
581,Action,0.0,7.2,7.2,45.0,0.0,0.0
582,Action,48.0,6.1,6.1,46.0,48.0,0.0
583,Comedy,57.0,5.2,5.2,56.0,57.0,16000000.0
584,Comedy,0.0,8.1,8.1,86.0,0.0,0.0
585,Crime,42.0,5.4,5.4,27.0,42.0,0.0
586,Comedy,57.0,7.0,7.0,65.0,57.0,0.0
587,Comedy,26.0,5.9,5.9,0.0,26.0,40000000.0
588,Drama,76.0,7.0,7.0,83.0,76.0,0.0
589,Animation,35.0,5.9,5.9,35.0,35.0,40000000.0
590,Drama,54.0,6.9,6.9,57.0,54.0,0.0
591,Comedy,55.0,6.0,6.0,57.0,55.0,850000.0
592,Biography,61.0,6.5,6.5,75.0,61.0,40000000.0
593,Drama,74.0,7.4,7.4,87.0,74.0,6000000.0
594,Horror,18.0,4.2,4.2,5.0,18.0,1000000.0
595,Adventure,37.0,5.4,5.4,25.0,37.0,14000000.0
596,Drama,67.0,6.2,6.2,93.0,67.0,0.0
597,Comedy,46.0,7.0,7.0,29.0,46.0,0.0
598,Comedy,67.0,7.1,7.1,86.0,67.0,2500000.0
599,Biography,75.0,8.2,8.2,79.0,75.0,100000000.0
600,Action,62.0,7.1,7.1,79.0,62.0,200000000.0
601,Horror,68.0,7.5,7.5,86.0,68.0,20000000.0
602,Crime,70.0,8.1,8.1,81.0,70.0,46000000.0
603,Action,54.0,6.8,6.8,66.0,54.0,170000000.0
604,Horror,41.0,5.8,5.8,39.0,41.0,3000000.0
605,Comedy,19.0,5.4,5.4,8.0,19.0,80000000.0
606,Action,61.0,7.0,7.0,71.0,61.0,160000000.0
607,Action,61.0,7.0,7.0,71.0,61.0,160000000.0
608,Drama,96.0,7.7,7.7,96.0,96.0,100000000.0
609,Comedy,55.0,7.8,7.8,69.0,55.0,12000000.0
610,Adventure,66.0,7.8,7.8,74.0,66.0,225000000.0
611,Action,55.0,7.0,7.0,56.0,55.0,225000000.0
612,Drama,80.0,6.4,6.4,84.0,80.0,13300000.0
613,Drama,89.0,7.7,7.7,89.0,89.0,0.0
614,Comedy,79.0,7.3,7.3,86.0,79.0,7000000.0
615,Drama,91.0,8.0,8.0,94.0,91.0,23000000.0
616,Action,84.0,7.1,7.1,94.0,84.0,39200000.0
617,Comedy,44.0,7.0,7.0,49.0,44.0,37000000.0
618,Action,41.0,6.5,6.5,32.0,41.0,28000000.0
619,Drama,55.0,7.2,7.2,48.0,55.0,105000000.0
620,Crime,90.0,7.2,7.2,92.0,90.0,40000000.0
621,Adventure,38.0,5.3,5.3,38.0,38.0,5000000.0
622,Action,74.0,8.1,8.1,89.0,74.0,17000000.0
623,Action,74.0,8.1,8.1,89.0,74.0,38000000.0
624,Animation,65.0,7.2,7.2,80.0,65.0,200000000.0
625,Comedy,66.0,6.5,6.5,80.0,66.0,3000000.0
626,Crime,50.0,7.2,7.2,50.0,50.0,75000000.0
627,Action,54.0,7.0,7.0,53.0,54.0,120000000.0
628,Comedy,35.0,5.7,5.7,19.0,35.0,35000000.0
629,Drama,64.0,6.9,6.9,76.0,64.0,0.0
630,Action,72.0,7.7,7.7,84.0,72.0,190000000.0
631,Action,76.0,7.5,7.5,90.0,76.0,130000000.0
632,Action,40.0,6.5,6.5,42.0,40.0,22000000.0
633,Comedy,18.0,4.3,4.3,4.0,18.0,6000000.0
634,Action,63.0,7.0,7.0,66.0,63.0,190000000.0
635,Biography,96.0,8.1,8.1,95.0,96.0,20000000.0
636,Action,41.0,5.8,5.8,29.0,41.0,130000000.0
637,Biography,79.0,8.0,8.0,92.0,79.0,5000000.0
638,Adventure,54.0,7.3,7.3,52.0,54.0,90000000.0
639,Action,65.0,6.9,6.9,72.0,65.0,190000000.0
640,Animation,55.0,7.2,7.2,72.0,55.0,135000000.0
641,Comedy,67.0,6.6,6.6,83.0,67.0,32000000.0
642,Comedy,68.0,7.4,7.4,83.0,68.0,5000000.0
643,Comedy,42.0,6.3,6.3,35.0,42.0,58000000.0
644,Action,61.0,6.6,6.6,65.0,61.0,115000000.0
645,Action,23.0,6.1,6.1,17.0,23.0,50000000.0
646,Adventure,82.0,7.8,7.8,93.0,82.0,55000000.0
647,Horror,57.0,6.5,6.5,63.0,57.0,17000000.0
648,Action,52.0,6.3,6.3,52.0,52.0,150000000.0
649,Drama,61.0,6.9,6.9,71.0,61.0,0.0
650,Action,41.0,6.5,6.5,50.0,41.0,70000000.0
651,Action,60.0,7.5,7.5,75.0,60.0,40000000.0
652,Adventure,44.0,6.3,6.3,57.0,44.0,215000000.0
653,Action,45.0,6.4,6.4,50.0,45.0,26000000.0
654,Action,63.0,6.8,6.8,54.0,63.0,22000000.0
655,Drama,65.0,7.2,7.2,88.0,65.0,50000.0
656,Action,51.0,6.6,6.6,62.0,51.0,110000000.0
657,Comedy,81.0,7.0,7.0,89.0,81.0,20000000.0
658,Drama,58.0,6.8,6.8,70.0,58.0,12000000.0
659,Action,33.0,5.9,5.9,13.0,33.0,60000000.0
660,Fantasy,57.0,6.2,6.2,63.0,57.0,15000000.0
661,Action,49.0,6.4,6.4,57.0,49.0,38000000.0
662,Action,28.0,5.3,5.3,15.0,28.0,92000000.0
663,Action,49.0,6.7,6.7,50.0,49.0,50000000.0
664,Action,61.0,6.7,6.7,71.0,61.0,120000000.0
665,Horror,0.0,4.8,4.8,19.0,0.0,20000000.0
666,Animation,62.0,7.3,7.3,75.0,62.0,76000000.0
667,Action,28.0,6.3,6.3,16.0,28.0,175000000.0
668,Drama,37.0,6.2,6.2,33.0,37.0,16000000.0
669,Action,41.0,5.6,5.6,29.0,41.0,20000000.0
670,Comedy,60.0,6.8,6.8,81.0,60.0,35000000.0
671,Adventure,39.0,5.8,5.8,42.0,39.0,90000000.0
672,Comedy,78.0,7.3,7.3,91.0,78.0,18000000.0
673,Drama,60.0,6.7,6.7,60.0,60.0,0.0
674,Drama,34.0,6.7,6.7,14.0,34.0,28000000.0
675,Action,40.0,6.7,6.7,31.0,40.0,60000000.0
676,Comedy,58.0,7.2,7.2,67.0,58.0,25000000.0
677,Drama,81.0,7.1,7.1,91.0,81.0,2000000.0
678,Drama,94.0,7.9,7.9,98.0,94.0,3000000.0
679,Comedy,62.0,7.4,7.4,83.0,62.0,8000000.0
680,Horror,61.0,6.5,6.5,74.0,61.0,5000000.0
681,Drama,64.0,6.8,6.8,76.0,64.0,0.0
682,Crime,48.0,5.3,5.3,34.0,48.0,25000000.0
683,Action,42.0,6.2,6.2,40.0,42.0,35000000.0
684,Crime,51.0,6.7,6.7,44.0,51.0,13000000.0
685,Comedy,11.0,3.6,3.6,4.0,11.0,20000000.0
686,Action,25.0,5.6,5.6,12.0,25.0,130000000.0
687,Comedy,93.0,7.5,7.5,92.0,93.0,11000000.0
688,Comedy,61.0,5.8,5.8,56.0,61.0,1500000.0
689,Action,37.0,6.4,6.4,30.0,37.0,215000000.0
690,Animation,58.0,6.4,6.4,67.0,58.0,135000000.0
691,Comedy,59.0,6.8,6.8,74.0,59.0,11000000.0
692,Action,55.0,6.7,6.7,65.0,55.0,61000000.0
693,Comedy,78.0,7.0,7.0,95.0,78.0,8000000.0
694,Action,76.0,8.0,8.0,92.0,76.0,170000000.0
695,Adventure,74.0,8.6,8.6,72.0,74.0,165000000.0
696,Action,68.0,7.4,7.4,86.0,68.0,20000000.0
697,Action,71.0,7.9,7.9,91.0,71.0,178000000.0
698,Drama,79.0,8.1,8.1,87.0,79.0,61000000.0
699,Action,70.0,7.7,7.7,90.0,70.0,170000000.0
700,Adventure,88.0,8.1,8.1,92.0,88.0,25000000.0
701,Drama,88.0,8.5,8.5,94.0,88.0,3300000.0
702,Action,60.0,7.7,7.7,75.0,60.0,81000000.0
703,Drama,78.0,7.7,7.7,92.0,78.0,15000000.0
704,Action,48.0,6.6,6.6,41.0,48.0,85000000.0
705,Crime,76.0,7.8,7.8,95.0,76.0,8500000.0
706,Adventure,59.0,7.4,7.4,59.0,59.0,250000000.0
707,Action,57.0,7.2,7.2,60.0,57.0,55000000.0
708,Action,57.0,6.8,6.8,65.0,57.0,34000000.0
709,Action,61.0,6.4,6.4,67.0,61.0,40000000.0
710,Adventure,68.0,7.3,7.3,87.0,68.0,11000000.0
711,Comedy,76.0,7.7,7.7,96.0,76.0,1600000.0
712,Biography,71.0,8.0,8.0,89.0,71.0,14000000.0
713,Action,64.0,7.6,7.6,76.0,64.0,68000000.0
714,Action,75.0,7.9,7.9,90.0,75.0,200000000.0
715,Action,75.0,7.9,7.9,90.0,75.0,200000000.0
716,Action,69.0,7.5,7.5,84.0,69.0,5100000.0
717,Action,50.0,6.4,6.4,57.0,50.0,9000000.0
718,Comedy,87.0,7.7,7.7,91.0,87.0,18000000.0
719,Horror,83.0,6.8,6.8,96.0,83.0,1000000.0
720,Comedy,31.0,6.5,6.5,15.0,31.0,40000000.0
721,Crime,48.0,7.4,7.4,49.0,48.0,50000000.0
722,Action,62.0,6.4,6.4,76.0,62.0,130000000.0
723,Action,62.0,6.4,6.4,76.0,62.0,160000000.0
724,Drama,47.0,6.5,6.5,35.0,47.0,25000000.0
725,Action,48.0,6.2,6.2,45.0,48.0,110000000.0
726,Action,72.0,7.3,7.3,72.0,72.0,58800000.0
727,Comedy,44.0,7.2,7.2,32.0,44.0,0.0
728,Animation,74.0,7.8,7.8,90.0,74.0,165000000.0
729,Action,53.0,6.6,6.6,52.0,53.0,200000000.0
730,Action,56.0,7.0,7.0,54.0,56.0,180000000.0
731,Adventure,69.0,5.9,5.9,71.0,69.0,50000000.0
732,Action,59.0,7.2,7.2,51.0,59.0,65000000.0
733,Animation,83.0,7.7,7.7,96.0,83.0,60000000.0
734,Action,64.0,6.6,6.6,69.0,64.0,125000000.0
735,Comedy,55.0,5.3,5.3,45.0,55.0,3000000.0
736,Adventure,47.0,6.2,6.2,47.0,47.0,127000000.0
737,Drama,69.0,7.7,7.7,81.0,69.0,12000000.0
738,Horror,38.0,6.2,6.2,26.0,38.0,5000000.0
739,Horror,37.0,5.4,5.4,29.0,37.0,6500000.0
740,Drama,100.0,7.9,7.9,97.0,100.0,4000000.0
741,Biography,71.0,7.7,7.7,80.0,71.0,15000000.0
742,Action,35.0,6.1,6.1,32.0,35.0,80000000.0
743,Action,52.0,6.5,6.5,51.0,52.0,44000000.0
744,Crime,69.0,7.1,7.1,89.0,69.0,12600000.0
745,Action,32.0,5.6,5.6,17.0,32.0,210000000.0
746,Comedy,81.0,6.7,6.7,73.0,81.0,20000000.0
747,Comedy,68.0,6.3,6.3,73.0,68.0,8500000.0
748,Comedy,68.0,6.3,6.3,73.0,68.0,18000000.0
749,Drama,86.0,6.8,6.8,98.0,86.0,2000000.0
750,Comedy,36.0,5.1,5.1,16.0,36.0,40000000.0
751,Comedy,39.0,6.0,6.0,26.0,39.0,40000000.0
752,Comedy,77.0,8.1,8.1,94.0,77.0,3300000.0
753,Adventure,74.0,7.1,7.1,88.0,74.0,15000000.0
754,Biography,81.0,7.0,7.0,87.0,81.0,24000000.0
755,Action,76.0,6.7,6.7,92.0,76.0,5000000.0
756,Action,31.0,5.8,5.8,21.0,31.0,13500000.0
757,Action,31.0,5.8,5.8,21.0,31.0,125000000.0
758,Action,71.0,7.0,7.0,84.0,71.0,50000000.0
759,Action,79.0,7.6,7.6,90.0,79.0,170000000.0
760,Action,40.0,5.7,5.7,26.0,40.0,28000000.0
761,Action,31.0,5.5,5.5,16.0,31.0,30000000.0
762,Comedy,52.0,6.1,6.1,30.0,52.0,70000000.0
763,Drama,65.0,5.7,5.7,76.0,65.0,1000000.0
764,Comedy,31.0,6.8,6.8,27.0,31.0,0.0
765,Animation,77.0,7.8,7.8,91.0,77.0,145000000.0
766,Action,68.0,5.7,5.7,76.0,68.0,125000000.0
767,Action,57.0,6.5,6.5,68.0,57.0,28000000.0
768,Action,39.0,6.4,6.4,22.0,39.0,66000000.0
769,Animation,49.0,6.3,6.3,48.0,49.0,103000000.0
770,Action,30.0,5.5,5.5,12.0,30.0,95000000.0
771,Action,52.0,6.0,6.0,30.0,52.0,140000000.0
772,Comedy,44.0,6.1,6.1,33.0,44.0,40000000.0
773,Action,41.0,5.7,5.7,22.0,41.0,35000000.0
774,Animation,77.0,7.3,7.3,97.0,77.0,55000000.0
775,Action,56.0,6.9,6.9,62.0,56.0,50000000.0
776,Drama,29.0,6.7,6.7,12.0,29.0,26000000.0
777,Comedy,40.0,6.3,6.3,35.0,40.0,42000000.0
778,Comedy,44.0,6.6,6.6,44.0,44.0,19800000.0
779,Action,44.0,5.8,5.8,21.0,44.0,50000000.0
780,Animation,53.0,6.7,6.7,73.0,53.0,132000000.0
781,Action,57.0,6.2,6.2,54.0,57.0,60000000.0
782,Drama,74.0,8.1,8.1,88.0,74.0,0.0
783,Biography,76.0,7.3,7.3,84.0,76.0,0.0
784,Action,49.0,5.7,5.7,48.0,49.0,0.0
785,Animation,67.0,7.3,7.3,83.0,67.0,50000000.0
786,Horror,81.0,6.7,6.7,85.0,81.0,0.0
787,Action,38.0,6.3,6.3,36.0,38.0,15000000.0
788,Action,40.0,6.3,6.3,25.0,40.0,70000000.0
789,Horror,59.0,5.5,5.5,62.0,59.0,1000000.0
790,Drama,57.0,7.4,7.4,52.0,57.0,1000000.0
791,Action,42.0,6.2,6.2,19.0,42.0,100000000.0
792,Drama,30.0,6.3,6.3,16.0,30.0,0.0
793,Drama,30.0,6.3,6.3,16.0,30.0,20000000.0
794,Comedy,24.0,6.4,6.4,9.0,24.0,0.0
795,Drama,41.0,6.4,6.4,37.0,41.0,22000000.0
796,Biography,65.0,7.4,7.4,87.0,65.0,20000000.0
797,Action,40.0,6.2,6.2,29.0,40.0,30000000.0
798,Action,71.0,8.0,8.0,82.0,71.0,4500000.0
799,Action,26.0,6.0,6.0,13.0,26.0,48000000.0
800,Action,39.0,5.5,5.5,27.0,39.0,100000000.0
801,Action,30.0,5.9,5.9,16.0,30.0,0.0
802,Action,41.0,6.2,6.2,18.0,41.0,25000000.0
803,Comedy,36.0,6.1,6.1,22.0,36.0,8000000.0
804,Drama,68.0,6.6,6.6,80.0,68.0,16000000.0
805,Adventure,62.0,6.4,6.4,80.0,62.0,0.0
806,Comedy,38.0,6.7,6.7,33.0,38.0,16000000.0
807,Action,30.0,6.4,6.4,18.0,30.0,17000000.0
808,Action,79.0,7.0,7.0,90.0,79.0,20000000.0
809,Comedy,0.0,8.1,8.1,77.0,0.0,0.0
810,Drama,51.0,6.5,6.5,49.0,51.0,0.0
811,Mystery,24.0,6.3,6.3,14.0,24.0,14000000.0
812,Crime,73.0,6.8,6.8,85.0,73.0,15000000.0
813,Horror,42.0,5.7,5.7,46.0,42.0,1500000.0
814,Drama,54.0,6.1,6.1,61.0,54.0,4000000.0
815,Comedy,55.0,7.3,7.3,68.0,55.0,22000000.0
816,Drama,73.0,6.9,6.9,83.0,73.0,7000000.0
817,Comedy,67.0,6.2,6.2,61.0,67.0,15000000.0
818,Drama,46.0,6.7,6.7,35.0,46.0,11000000.0
819,Comedy,45.0,6.1,6.1,45.0,45.0,0.0
820,Action,83.0,7.2,7.2,96.0,83.0,0.0
821,Drama,72.0,7.5,7.5,85.0,72.0,5000000.0
822,Action,40.0,6.2,6.2,28.0,40.0,28000000.0
823,Horror,70.0,6.7,6.7,85.0,70.0,0.0
824,Biography,62.0,7.0,7.0,72.0,62.0,10000000.0
825,Drama,32.0,5.1,5.1,7.0,32.0,5000000.0
826,Drama,50.0,7.0,7.0,62.0,50.0,22500000.0
827,Biography,80.0,7.5,7.5,99.0,80.0,20000000.0
828,Biography,56.0,7.0,7.0,64.0,56.0,25000000.0
829,Comedy,66.0,7.1,7.1,82.0,66.0,100000.0
830,Biography,54.0,6.8,6.8,51.0,54.0,40000000.0
831,Comedy,25.0,6.0,6.0,15.0,25.0,0.0
832,Drama,54.0,6.8,6.8,60.0,54.0,25000000.0
833,Comedy,38.0,5.8,5.8,18.0,38.0,18000000.0
834,Comedy,17.0,4.7,4.7,8.0,17.0,4000000.0
835,Crime,55.0,6.1,6.1,44.0,55.0,25000000.0
836,Drama,49.0,6.4,6.4,49.0,49.0,7000000.0
837,Action,30.0,5.1,5.1,5.0,30.0,65000000.0
838,Adventure,61.0,6.4,6.4,80.0,61.0,50000000.0
839,Comedy,45.0,6.4,6.4,38.0,45.0,0.0
840,Action,49.0,6.4,6.4,62.0,49.0,0.0
841,Biography,65.0,7.0,7.0,71.0,65.0,19000000.0
842,Action,12.0,3.1,3.1,1.0,12.0,16000000.0
843,Comedy,54.0,6.2,6.2,61.0,54.0,28000000.0
844,Comedy,64.0,7.2,7.2,77.0,64.0,13000000.0
845,Action,22.0,4.2,4.2,5.0,22.0,70000000.0
846,Biography,60.0,6.9,6.9,77.0,60.0,0.0
847,Action,64.0,6.7,6.7,72.0,64.0,0.0
848,Drama,16.0,4.7,4.7,12.0,16.0,2000000.0
849,Drama,31.0,6.2,6.2,13.0,31.0,60000000.0
850,Animation,72.0,7.7,7.7,91.0,72.0,0.0
851,Animation,59.0,6.8,6.8,81.0,59.0,145000000.0
852,Comedy,39.0,4.9,4.9,24.0,39.0,20000000.0
853,Action,53.0,5.4,5.4,78.0,53.0,0.0
854,Comedy,34.0,6.4,6.4,22.0,34.0,12000000.0
855,Action,64.0,6.4,6.4,66.0,64.0,12000000.0
856,Comedy,87.0,7.3,7.3,94.0,87.0,0.0
857,Drama,89.0,7.3,7.3,97.0,89.0,0.0
858,Drama,42.0,5.8,5.8,31.0,42.0,2000000.0
859,Comedy,54.0,6.5,6.5,51.0,54.0,16800000.0
860,Animation,85.0,8.1,8.1,99.0,85.0,0.0
861,Adventure,29.0,7.0,7.0,38.0,29.0,0.0
862,Horror,41.0,5.1,5.1,37.0,41.0,200000.0
863,Action,44.0,4.8,4.8,71.0,44.0,0.0
864,Comedy,22.0,6.6,6.6,17.0,22.0,6000000.0
865,Crime,26.0,5.6,5.6,12.0,26.0,12000000.0
866,Thriller,26.0,5.6,5.6,12.0,26.0,13200000.0
867,Adventure,92.0,7.6,7.6,97.0,92.0,25000000.0
868,Crime,92.0,7.6,7.6,97.0,92.0,0.0
869,Drama,36.0,5.4,5.4,16.0,36.0,30000000.0
870,Drama,87.0,6.5,6.5,94.0,87.0,1000000.0
871,Biography,54.0,6.0,6.0,43.0,54.0,0.0
872,Comedy,43.0,6.6,6.6,47.0,43.0,6000000.0
873,Comedy,75.0,7.0,7.0,92.0,75.0,0.0
874,Biography,71.0,6.9,6.9,80.0,71.0,30000000.0
875,Drama,64.0,6.9,6.9,73.0,64.0,14000000.0
876,Horror,38.0,4.5,4.5,6.0,38.0,5000000.0
877,Biography,47.0,5.8,5.8,51.0,47.0,12000000.0
878,Comedy,77.0,6.3,6.3,84.0,77.0,10000000.0
879,Drama,88.0,8.1,8.1,87.0,88.0,0.0
880,Drama,51.0,6.4,6.4,55.0,51.0,0.0
881,Comedy,79.0,6.1,6.1,91.0,79.0,0.0
882,Drama,77.0,7.4,7.4,89.0,77.0,0.0
883,Comedy,38.0,5.8,5.8,23.0,38.0,24000000.0
884,Crime,75.0,6.8,6.8,87.0,75.0,0.0
885,Drama,58.0,6.0,6.0,74.0,58.0,0.0
886,Animation,48.0,6.0,6.0,44.0,48.0,50000000.0
887,Comedy,81.0,6.4,6.4,86.0,81.0,12000000.0
888,Drama,76.0,7.1,7.1,92.0,76.0,8000000.0
889,Drama,45.0,6.6,6.6,38.0,45.0,9000000.0
890,Drama,79.0,6.8,6.8,91.0,79.0,0.0
891,Comedy,39.0,5.7,5.7,36.0,39.0,0.0
892,Comedy,63.0,6.4,6.4,65.0,63.0,5000000.0
893,Action,90.0,8.1,8.1,97.0,90.0,150000000.0
894,Action,66.0,7.3,7.3,76.0,66.0,250000000.0
895,Drama,66.0,6.5,6.5,72.0,66.0,55000000.0
896,Action,67.0,7.1,7.1,82.0,67.0,190000000.0
897,Crime,68.0,7.8,7.8,74.0,68.0,44000000.0
898,Action,64.0,7.3,7.3,83.0,64.0,130000000.0
899,Drama,46.0,4.1,4.1,25.0,46.0,40000000.0
900,Action,82.0,7.6,7.6,92.0,82.0,30000000.0
901,Drama,83.0,6.9,6.9,90.0,83.0,4000000.0
902,Biography,81.0,7.8,7.8,89.0,81.0,28000000.0
903,Action,59.0,7.0,7.0,71.0,59.0,150000000.0
904,Action,76.0,8.0,8.0,78.0,76.0,135000000.0
905,Adventure,80.0,8.0,8.0,91.0,80.0,108000000.0
906,Drama,86.0,8.1,8.1,93.0,86.0,13000000.0
907,Animation,94.0,8.1,8.1,98.0,94.0,175000000.0
908,Biography,93.0,8.1,8.1,97.0,93.0,20000000.0
909,Action,50.0,6.1,6.1,44.0,50.0,28000000.0
910,Action,56.0,7.3,7.3,68.0,56.0,75000000.0
911,Action,38.0,6.3,6.3,27.0,38.0,155000000.0
912,Drama,67.0,6.9,6.9,84.0,67.0,95000000.0
913,Action,80.0,7.8,7.8,93.0,80.0,245000000.0
914,Comedy,82.0,7.2,7.2,87.0,82.0,0.0
915,Action,60.0,6.8,6.8,63.0,60.0,245000000.0
916,Drama,65.0,5.6,5.6,0.0,65.0,0.0
917,Adventure,55.0,6.9,6.9,61.0,55.0,24500000.0
918,Biography,55.0,6.9,6.9,61.0,55.0,30000000.0
919,Action,41.0,6.8,6.8,32.0,41.0,49000000.0
920,Drama,53.0,4.9,4.9,38.0,53.0,2500000.0
921,Action,47.0,6.9,6.9,43.0,47.0,100000000.0
922,Comedy,44.0,6.1,6.1,36.0,44.0,3500000.0
923,Comedy,51.0,7.1,7.1,59.0,51.0,35000000.0
924,Action,65.0,6.6,6.6,70.0,65.0,160000000.0
925,Action,64.0,7.1,7.1,73.0,64.0,55000000.0
926,Action,51.0,5.4,5.4,32.0,51.0,70000000.0
927,Action,75.0,7.0,7.0,95.0,75.0,65000000.0
928,Action,75.0,7.4,7.4,94.0,75.0,150000000.0
929,Horror,55.0,6.3,6.3,68.0,55.0,5000000.0
930,Adventure,34.0,6.1,6.1,28.0,34.0,31000000.0
931,Drama,82.0,7.6,7.6,95.0,82.0,35000000.0
932,Drama,51.0,7.2,7.2,55.0,51.0,25000000.0
933,Biography,68.0,6.9,6.9,73.0,68.0,53000000.0
934,Comedy,56.0,6.6,6.6,0.0,56.0,50100000.0
935,Animation,55.0,6.6,6.6,52.0,55.0,135000000.0
936,Action,40.0,5.3,5.3,28.0,40.0,176000000.0
937,Biography,47.0,5.8,5.8,19.0,47.0,13000000.0
938,Animation,56.0,6.4,6.4,55.0,56.0,74000000.0
939,Comedy,63.0,6.4,6.4,65.0,63.0,29000000.0
940,Action,43.0,6.1,6.1,49.0,43.0,110000000.0
941,Comedy,75.0,6.2,6.2,84.0,75.0,35000000.0
942,Action,60.0,6.4,6.4,50.0,60.0,190000000.0
943,Drama,81.0,7.6,7.6,90.0,81.0,40000000.0
944,Biography,66.0,7.1,7.1,67.0,66.0,15000000.0
945,Action,42.0,6.2,6.2,28.0,42.0,110000000.0
946,Biography,72.0,7.8,7.8,89.0,72.0,28000000.0
947,Drama,94.0,7.3,7.3,94.0,94.0,11800000.0
948,Action,38.0,6.8,6.8,48.0,38.0,20000000.0
949,Action,38.0,6.8,6.8,48.0,38.0,16200000.0
950,Thriller,30.0,4.7,4.7,12.0,30.0,4000000.0
951,Action,57.0,7.4,7.4,60.0,57.0,30000000.0
952,Comedy,47.0,7.1,7.1,58.0,47.0,0.0
953,Action,43.0,6.3,6.3,48.0,43.0,61000000.0
954,Drama,52.0,6.4,6.4,50.0,52.0,0.0
955,Action,34.0,6.0,6.0,18.0,34.0,90000000.0
956,Horror,79.0,7.0,7.0,90.0,79.0,5000000.0
957,Comedy,42.0,6.6,6.6,28.0,42.0,20000000.0
958,Animation,66.0,6.7,6.7,76.0,66.0,200000000.0
959,Drama,71.0,7.1,7.1,84.0,71.0,0.0
960,Drama,74.0,6.6,6.6,89.0,74.0,0.0
961,Drama,77.0,7.0,7.0,91.0,77.0,10000000.0
962,Drama,77.0,7.0,7.0,91.0,77.0,5000000.0
963,Comedy,34.0,6.0,6.0,28.0,34.0,40000000.0
964,Action,28.0,5.7,5.7,8.0,28.0,35000000.0
965,Biography,82.0,7.2,7.2,85.0,82.0,30000000.0
966,Action,32.0,6.3,6.3,44.0,32.0,15000000.0
967,Action,51.0,6.7,6.7,51.0,51.0,2000000.0
968,Biography,56.0,6.6,6.6,60.0,56.0,60000000.0
969,Action,47.0,5.8,5.8,34.0,47.0,0.0
970,Biography,47.0,5.8,5.8,34.0,47.0,25000000.0
971,Drama,88.0,7.5,7.5,97.0,88.0,11000000.0
972,Comedy,64.0,7.3,7.3,71.0,64.0,0.0
973,Action,34.0,6.5,6.5,19.0,34.0,26000000.0
974,Comedy,48.0,6.3,6.3,44.0,48.0,68000000.0
975,Adventure,36.0,5.7,5.7,27.0,36.0,150000000.0
976,Action,27.0,5.5,5.5,18.0,27.0,88000000.0
977,Comedy,49.0,7.0,7.0,54.0,49.0,10000000.0
978,Drama,71.0,6.6,6.6,80.0,71.0,15000000.0
979,Comedy,42.0,6.2,6.2,30.0,42.0,50000000.0
980,Action,59.0,6.6,6.6,59.0,59.0,50000000.0
981,Action,52.0,6.4,6.4,44.0,52.0,8000000.0
982,Comedy,60.0,5.6,5.6,65.0,60.0,14800000.0
983,Comedy,56.0,6.5,6.5,73.0,56.0,8500000.0
984,Biography,60.0,7.5,7.5,75.0,60.0,15000000.0
985,Animation,44.0,6.7,6.7,55.0,44.0,80000000.0
986,Drama,53.0,5.7,5.7,47.0,53.0,0.0
987,Biography,67.0,6.9,6.9,84.0,67.0,0.0
988,Drama,33.0,7.1,7.1,31.0,33.0,34000000.0
989,Drama,36.0,6.0,6.0,100.0,36.0,65000000.0
990,Horror,52.0,6.1,6.1,58.0,52.0,10000000.0
991,Adventure,60.0,6.3,6.3,78.0,60.0,58000000.0
992,Comedy,40.0,5.4,5.4,20.0,40.0,37000000.0
993,Action,0.0,8.0,8.0,89.0,0.0,18026148.0
994,Drama,74.0,6.4,6.4,89.0,74.0,0.0
995,Comedy,35.0,6.6,6.6,29.0,35.0,23000000.0
996,Comedy,58.0,6.0,6.0,60.0,58.0,30000000.0
997,Crime,45.0,6.3,6.3,39.0,45.0,19500000.0
998,Comedy,53.0,6.6,6.6,47.0,53.0,11000000.0
999,Action,40.0,5.6,5.6,31.0,40.0,30000000.0
1000,Adventure,56.0,6.2,6.2,58.0,56.0,12000000.0
1001,Biography,70.0,6.7,6.7,89.0,70.0,6000000.0
1002,Animation,62.0,6.0,6.0,81.0,62.0,74000000.0
1003,Crime,41.0,6.5,6.5,27.0,41.0,50000000.0
1004,Action,0.0,7.6,7.6,67.0,0.0,0.0
1005,Comedy,70.0,7.7,7.7,91.0,70.0,0.0
1006,Drama,79.0,7.7,7.7,92.0,79.0,6000000.0
1007,Comedy,74.0,7.7,7.7,81.0,74.0,8000000.0
1008,Comedy,64.0,6.5,6.5,63.0,64.0,0.0
1009,Biography,55.0,7.2,7.2,58.0,55.0,35000000.0
1010,Comedy,87.0,6.8,6.8,95.0,87.0,2000000.0
1011,Drama,83.0,7.6,7.6,97.0,83.0,0.0
1012,Action,70.0,7.3,7.3,83.0,70.0,35000000.0
1013,Comedy,86.0,7.1,7.1,96.0,86.0,100000.0
1014,Adventure,51.0,6.4,6.4,47.0,51.0,8000000.0
1015,Horror,32.0,5.3,5.3,15.0,32.0,10000000.0
1016,Animation,88.0,7.3,7.3,92.0,88.0,8000000.0
1017,Horror,68.0,5.9,5.9,74.0,68.0,0.0
1018,Comedy,77.0,6.4,6.4,91.0,77.0,6000000.0
1019,Crime,0.0,8.2,8.2,80.0,0.0,9400000.0
1020,Action,0.0,5.0,5.0,47.0,0.0,0.0
1021,Biography,51.0,7.3,7.3,57.0,51.0,11000000.0
1022,Biography,54.0,7.4,7.4,81.0,54.0,23000000.0
1023,Action,73.0,7.3,7.3,95.0,73.0,13000000.0
1024,Comedy,51.0,6.6,6.6,65.0,51.0,10000000.0
1025,Comedy,60.0,6.2,6.2,0.0,60.0,0.0
1026,Comedy,68.0,6.3,6.3,85.0,68.0,3200000.0
1027,Drama,46.0,6.2,6.2,39.0,46.0,2000000.0
1028,Drama,59.0,5.8,5.8,76.0,59.0,0.0
1029,Comedy,77.0,6.7,6.7,91.0,77.0,600000.0
1030,Action,0.0,7.3,7.3,65.0,0.0,0.0
1031,Drama,44.0,5.3,5.3,34.0,44.0,10000000.0
1032,Action,27.0,5.5,5.5,12.0,27.0,60000000.0
1033,Comedy,75.0,6.7,6.7,67.0,75.0,0.0
1034,Drama,52.0,5.6,5.6,60.0,52.0,0.0
1035,Drama,47.0,6.4,6.4,37.0,47.0,12000000.0
1036,Crime,32.0,5.7,5.7,15.0,32.0,0.0
1037,Biography,50.0,6.3,6.3,45.0,50.0,0.0
1038,Biography,56.0,7.2,7.2,63.0,56.0,10000000.0
1039,Action,32.0,5.2,5.2,16.0,32.0,0.0
1040,Drama,68.0,6.0,6.0,79.0,68.0,7500000.0
1041,Drama,43.0,6.1,6.1,36.0,43.0,16000000.0
1042,Adventure,72.0,7.2,7.2,88.0,72.0,7000000.0
1043,Drama,75.0,7.8,7.8,92.0,75.0,0.0
1044,Comedy,31.0,5.2,5.2,8.0,31.0,0.0
1045,Action,31.0,5.2,5.2,8.0,31.0,35000000.0
1046,Comedy,49.0,6.2,6.2,67.0,49.0,15000000.0
1047,Action,0.0,8.0,8.0,88.0,0.0,0.0
1048,Drama,72.0,6.3,6.3,89.0,72.0,0.0
1049,Action,39.0,5.8,5.8,16.0,39.0,40000000.0
1050,Comedy,58.0,6.4,6.4,69.0,58.0,25000000.0
1051,Drama,28.0,4.8,4.8,26.0,28.0,5000000.0
1052,Drama,72.0,6.4,6.4,83.0,72.0,0.0
1053,Action,57.0,7.1,7.1,76.0,57.0,36000000.0
1054,Biography,60.0,7.4,7.4,80.0,60.0,17000000.0
1055,Animation,25.0,5.8,5.8,18.0,25.0,0.0
1056,Animation,67.0,7.1,7.1,87.0,67.0,99000000.0
1057,Comedy,29.0,5.5,5.5,7.0,29.0,15000000.0
1058,Drama,23.0,6.1,6.1,17.0,23.0,25000000.0
1059,Animation,33.0,5.0,5.0,15.0,33.0,90000000.0
1060,Horror,31.0,5.2,5.2,16.0,31.0,3300000.0
1061,Comedy,31.0,5.8,5.8,18.0,31.0,17000000.0
1062,Biography,55.0,6.9,6.9,48.0,55.0,26000000.0
1063,Animation,70.0,7.7,7.7,93.0,70.0,81200000.0
1064,Drama,70.0,6.6,6.6,72.0,70.0,11000000.0
1065,Horror,30.0,4.3,4.3,14.0,30.0,100000.0
1066,Drama,63.0,6.1,6.1,76.0,63.0,0.0
1067,Horror,58.0,5.9,5.9,81.0,58.0,0.0
1068,Action,44.0,6.5,6.5,57.0,44.0,0.0
1069,Action,72.0,6.9,6.9,92.0,72.0,2000000.0
1070,Biography,82.0,7.3,7.3,92.0,82.0,0.0
1071,Crime,66.0,6.3,6.3,81.0,66.0,800000.0
1072,Drama,62.0,6.6,6.6,77.0,62.0,0.0
1073,Adventure,42.0,4.2,4.2,22.0,42.0,5000000.0
1074,Drama,0.0,6.8,6.8,96.0,0.0,0.0
1075,Action,36.0,5.4,5.4,27.0,36.0,2000000.0
1076,Comedy,53.0,6.1,6.1,37.0,53.0,28000000.0
1077,Comedy,32.0,5.4,5.4,10.0,32.0,35000000.0
1078,Comedy,29.0,5.1,5.1,14.0,29.0,14000000.0
1079,Action,60.0,6.7,6.7,91.0,60.0,0.0
1080,Comedy,65.0,6.1,6.1,82.0,65.0,0.0
1081,Comedy,63.0,6.6,6.6,85.0,63.0,1000000.0
1082,Comedy,54.0,5.9,5.9,65.0,54.0,18000000.0
1083,Biography,58.0,7.0,7.0,78.0,58.0,10000000.0
1084,Drama,91.0,7.5,7.5,96.0,91.0,0.0
1085,Drama,67.0,6.9,6.9,88.0,67.0,11000000.0
1086,Action,0.0,6.0,6.0,0.0,0.0,0.0
1087,Action,13.0,4.4,4.4,5.0,13.0,30000000.0
1088,Drama,52.0,7.5,7.5,70.0,52.0,0.0
1089,Drama,26.0,6.5,6.5,34.0,26.0,3000000.0
1090,Action,41.0,6.0,6.0,35.0,41.0,65000000.0
1091,Drama,94.0,7.1,7.1,97.0,94.0,0.0
1092,Comedy,18.0,5.7,5.7,8.0,18.0,25000000.0
1093,Action,40.0,5.9,5.9,26.0,40.0,175000000.0
1094,Action,54.0,6.9,6.9,64.0,54.0,90000000.0
1095,Action,75.0,7.8,7.8,90.0,75.0,250000000.0
1096,Action,32.0,6.8,6.8,28.0,32.0,160000000.0
1097,Action,72.0,7.5,7.5,89.0,72.0,165000000.0
1098,Drama,51.0,7.4,7.4,54.0,51.0,20000000.0
1099,Drama,76.0,6.8,6.8,88.0,76.0,0.0
1100,Animation,81.0,7.6,7.6,95.0,81.0,150000000.0
1101,Drama,81.0,7.9,7.9,94.0,81.0,47000000.0
1102,Action,52.0,6.9,6.9,47.0,52.0,178000000.0
1103,Comedy,72.0,7.9,7.9,83.0,72.0,5000000.0
1104,Action,68.0,7.0,7.0,86.0,68.0,185000000.0
1105,Drama,59.0,7.1,7.1,71.0,59.0,11500000.0
1106,Animation,59.0,7.1,7.1,71.0,59.0,75000000.0
1107,Horror,65.0,7.3,7.3,80.0,65.0,40000000.0
1108,Romance,41.0,7.0,7.0,30.0,41.0,25000000.0
1109,Drama,41.0,7.0,7.0,30.0,41.0,110000000.0
1110,Action,35.0,6.1,6.1,20.0,35.0,115000000.0
1111,Drama,84.0,8.1,8.1,95.0,84.0,0.0
1112,Action,48.0,7.3,7.3,51.0,48.0,50000000.0
1113,Animation,79.0,8.4,8.4,98.0,79.0,0.0
1114,Animation,66.0,7.1,7.1,87.0,66.0,145000000.0
1115,Action,70.0,7.4,7.4,91.0,70.0,50000000.0
1116,Action,32.0,5.2,5.2,30.0,32.0,165000000.0
1117,Adventure,57.0,6.7,6.7,64.0,57.0,110000000.0
1118,Adventure,66.0,7.3,7.3,74.0,66.0,180000000.0
1119,Action,72.0,7.6,7.6,94.0,72.0,0.0
1120,Action,23.0,5.8,5.8,21.0,23.0,35000000.0
1121,Animation,66.0,6.1,6.1,82.0,66.0,19000000.0
1122,Action,88.0,7.6,7.6,96.0,88.0,12000000.0
1123,Action,55.0,6.0,6.0,56.0,55.0,10000000.0
1124,Action,51.0,7.3,7.3,52.0,51.0,44000000.0
1125,Horror,51.0,6.2,6.2,59.0,51.0,7000000.0
1126,Drama,99.0,7.4,7.4,98.0,99.0,4000000.0
1127,Action,58.0,6.6,6.6,54.0,58.0,120000000.0
1128,Biography,57.0,7.1,7.1,61.0,57.0,40000000.0
1129,Action,44.0,6.2,6.2,35.0,44.0,180000000.0
1130,Adventure,79.0,7.0,7.0,79.0,79.0,0.0
1131,Action,25.0,5.4,5.4,15.0,25.0,140000000.0
1132,Biography,66.0,7.2,7.2,81.0,66.0,25000000.0
1133,Action,46.0,6.5,6.5,34.0,46.0,90000000.0
1134,Drama,64.0,7.5,7.5,76.0,64.0,13000000.0
1135,Action,76.0,7.2,7.2,90.0,76.0,15000000.0
1136,Biography,78.0,6.6,6.6,87.0,78.0,30000000.0
1137,Animation,77.0,7.3,7.3,94.0,77.0,200000000.0
1138,Biography,69.0,8.0,8.0,84.0,69.0,12000000.0
1139,Drama,58.0,6.3,6.3,76.0,58.0,4900000.0
1140,Comedy,26.0,4.8,4.8,17.0,26.0,900000.0
1141,Action,60.0,7.1,7.1,61.0,60.0,85000000.0
1142,Comedy,59.0,6.5,6.5,78.0,59.0,35000000.0
1143,Comedy,51.0,6.1,6.1,47.0,51.0,38000000.0
1144,Biography,58.0,7.3,7.3,61.0,58.0,40000000.0
1145,Action,0.0,8.4,8.4,88.0,0.0,0.0
1146,Action,62.0,5.3,5.3,46.0,62.0,6000000.0
1147,Action,52.0,6.3,6.3,54.0,52.0,20000000.0
1148,Action,68.0,7.1,7.1,83.0,68.0,110000000.0
1149,Drama,26.0,6.6,6.6,11.0,26.0,0.0
1150,Biography,74.0,7.4,7.4,85.0,74.0,60000000.0
1151,Action,48.0,5.8,5.8,37.0,48.0,8000000.0
1152,Action,45.0,5.8,5.8,46.0,45.0,28000000.0
1153,Biography,66.0,7.0,7.0,72.0,66.0,28000000.0
1154,Drama,47.0,6.4,6.4,42.0,47.0,40000000.0
1155,Action,28.0,5.9,5.9,28.0,28.0,60000000.0
1156,Comedy,21.0,5.9,5.9,11.0,21.0,25000000.0
1157,Comedy,72.0,6.3,6.3,85.0,72.0,22000000.0
1158,Animation,55.0,6.5,6.5,75.0,55.0,125000000.0
1159,Action,33.0,5.7,5.7,11.0,33.0,110000000.0
1160,Action,42.0,5.9,5.9,35.0,42.0,150000000.0
1161,Comedy,51.0,6.0,6.0,38.0,51.0,33000000.0
1162,Comedy,60.0,6.2,6.2,58.0,60.0,20000000.0
1163,Drama,23.0,6.8,6.8,14.0,23.0,36000000.0
1164,Horror,42.0,6.0,6.0,29.0,42.0,10000000.0
1165,Drama,79.0,7.2,7.2,92.0,79.0,24000000.0
1166,Adventure,34.0,6.2,6.2,28.0,34.0,170000000.0
1167,Action,44.0,6.2,6.2,37.0,44.0,35000000.0
1168,Animation,34.0,5.7,5.7,18.0,34.0,105000000.0
1169,Action,69.0,7.4,7.4,81.0,69.0,45000000.0
1170,Action,34.0,5.9,5.9,19.0,34.0,40000000.0
1171,Animation,61.0,6.5,6.5,72.0,61.0,75000000.0
1172,Comedy,68.0,6.7,6.7,79.0,68.0,20000000.0
1173,Crime,78.0,6.5,6.5,76.0,78.0,0.0
1174,Comedy,83.0,7.3,7.3,88.0,83.0,7000000.0
1175,Action,36.0,5.7,5.7,18.0,36.0,125000000.0
1176,Action,40.0,6.0,6.0,38.0,40.0,135000000.0
1177,Crime,65.0,5.7,5.7,70.0,65.0,0.0
1178,Action,48.0,6.3,6.3,48.0,48.0,20000000.0
1179,Action,58.0,6.8,6.8,63.0,58.0,80000000.0
1180,Biography,35.0,7.4,7.4,69.0,35.0,9000000.0
1181,Comedy,82.0,6.2,6.2,95.0,82.0,0.0
1182,Horror,44.0,6.1,6.1,54.0,44.0,5000000.0
1183,Adventure,66.0,6.4,6.4,74.0,66.0,140000000.0
1184,Action,34.0,4.7,4.7,22.0,34.0,50000000.0
1185,Animation,43.0,6.3,6.3,43.0,43.0,73000000.0
1186,Action,49.0,6.4,6.4,34.0,49.0,108000000.0
1187,Action,58.0,6.5,6.5,66.0,58.0,19000000.0
1188,Action,67.0,6.8,6.8,86.0,67.0,0.0
1189,Comedy,39.0,6.2,6.2,39.0,39.0,38000000.0
1190,Biography,44.0,7.1,7.1,45.0,44.0,13000000.0
1191,Comedy,70.0,6.2,6.2,81.0,70.0,15000000.0
1192,Action,63.0,6.4,6.4,70.0,63.0,0.0
1193,Horror,62.0,5.9,5.9,0.0,62.0,0.0
1194,Comedy,58.0,5.7,5.7,64.0,58.0,35000000.0
1195,Action,53.0,6.9,6.9,48.0,53.0,50000000.0
1196,Crime,49.0,6.7,6.7,42.0,49.0,20000000.0
1197,Horror,35.0,5.1,5.1,48.0,35.0,1500000.0
1198,Drama,64.0,5.7,5.7,79.0,64.0,0.0
1199,Adventure,76.0,7.5,7.5,86.0,76.0,43000000.0
1200,Action,59.0,7.2,7.2,66.0,59.0,0.0
1201,Animation,84.0,7.8,7.8,97.0,84.0,60000000.0
1202,Horror,47.0,5.0,5.0,38.0,47.0,5000000.0
1203,Drama,85.0,7.7,7.7,96.0,85.0,0.0
1204,Action,64.0,6.0,6.0,77.0,64.0,0.0
1205,Comedy,60.0,5.7,5.7,55.0,60.0,25000000.0
1206,Comedy,42.0,5.9,5.9,41.0,42.0,45000000.0
1207,Comedy,67.0,6.5,6.5,89.0,67.0,0.0
1208,Biography,71.0,6.8,6.8,88.0,71.0,29000000.0
1209,Animation,0.0,6.4,6.4,39.0,0.0,3500000.0
1210,Animation,48.0,6.8,6.8,42.0,48.0,30000000.0
1211,Drama,72.0,6.1,6.1,0.0,72.0,0.0
1212,Horror,34.0,4.8,4.8,10.0,34.0,10000000.0
1213,Animation,41.0,5.7,5.7,32.0,41.0,125000000.0
1214,Comedy,53.0,6.6,6.6,47.0,53.0,3800000.0
1215,Comedy,93.0,7.4,7.4,93.0,93.0,0.0
1216,Action,53.0,6.2,6.2,44.0,53.0,40000000.0
1217,Drama,77.0,6.1,6.1,81.0,77.0,6000000.0
1218,Crime,57.0,6.2,6.2,72.0,57.0,0.0
1219,Biography,62.0,6.8,6.8,70.0,62.0,6000000.0
1220,Biography,57.0,6.6,6.6,67.0,57.0,35000000.0
1221,Biography,79.0,7.0,7.0,88.0,79.0,9000000.0
1222,Drama,78.0,7.9,7.9,92.0,78.0,0.0
1223,Animation,35.0,6.8,6.8,12.0,35.0,0.0
1224,Drama,40.0,5.8,5.8,50.0,40.0,0.0
1225,Biography,63.0,6.7,6.7,83.0,63.0,10000000.0
1226,Action,32.0,5.9,5.9,14.0,32.0,40000000.0
1227,Drama,83.0,6.9,6.9,99.0,83.0,0.0
1228,Animation,48.0,6.0,6.0,47.0,48.0,60000000.0
1229,Biography,65.0,6.9,6.9,84.0,65.0,14000000.0
1230,Drama,73.0,7.1,7.1,83.0,73.0,0.0
1231,Crime,43.0,6.1,6.1,23.0,43.0,0.0
1232,Crime,63.0,6.2,6.2,70.0,63.0,0.0
1233,Drama,58.0,5.4,5.4,51.0,58.0,0.0
1234,Horror,30.0,5.3,5.3,0.0,30.0,5000000.0
1235,Action,74.0,7.9,7.9,93.0,74.0,180000000.0
1236,Biography,75.0,7.4,7.4,84.0,75.0,30000000.0
1237,Action,47.0,6.9,6.9,44.0,47.0,30000000.0
1238,Horror,69.0,7.3,7.3,86.0,69.0,35000000.0
1239,Action,73.0,7.4,7.4,92.0,73.0,175000000.0
1240,Biography,48.0,7.6,7.6,57.0,48.0,84000000.0
1241,Action,58.0,6.9,6.9,76.0,58.0,90000000.0
1242,Drama,93.0,7.9,7.9,94.0,93.0,0.0
1243,Comedy,41.0,5.8,5.8,32.0,41.0,12000000.0
1244,Horror,85.0,7.7,7.7,98.0,85.0,4500000.0
1245,Action,94.0,7.8,7.8,92.0,94.0,100000000.0
1246,Action,86.0,7.6,7.6,92.0,86.0,34000000.0
1247,Animation,50.0,6.3,6.3,53.0,50.0,125000000.0
1248,Action,76.0,7.4,7.4,93.0,76.0,149000000.0
1249,Horror,65.0,6.4,6.4,65.0,65.0,97000000.0
1250,Action,75.0,7.5,7.5,89.0,75.0,40000000.0
1251,Drama,66.0,8.0,8.0,86.0,66.0,20000000.0
1252,Action,45.0,6.1,6.1,40.0,45.0,300000000.0
1253,Action,39.0,6.5,6.5,30.0,39.0,230000000.0
1254,Adventure,87.0,7.3,7.3,92.0,87.0,19400000.0
1255,Drama,74.0,6.6,6.6,84.0,74.0,6000000.0
1256,Action,62.0,6.6,6.6,75.0,62.0,185000000.0
1257,Action,44.0,6.7,6.7,51.0,44.0,104000000.0
1258,Action,84.0,6.9,6.9,91.0,84.0,317000000.0
1259,Action,63.0,6.7,6.7,79.0,63.0,30000000.0
1260,Crime,73.0,7.7,7.7,87.0,73.0,11000000.0
1261,Crime,52.0,6.5,6.5,60.0,52.0,55000000.0
1262,Action,41.0,6.7,6.7,31.0,41.0,175000000.0
1263,Drama,73.0,7.0,7.0,80.0,73.0,0.0
1264,Comedy,78.0,7.0,7.0,92.0,78.0,29000000.0
1265,Drama,33.0,4.6,4.6,11.0,33.0,55000000.0
1266,Action,27.0,5.2,5.2,15.0,27.0,217000000.0
1267,Crime,80.0,7.4,7.4,92.0,80.0,4500000.0
1268,Animation,52.0,6.3,6.3,43.0,52.0,0.0
1269,Action,52.0,6.3,6.3,43.0,52.0,110000000.0
1270,Comedy,53.0,6.1,6.1,43.0,53.0,0.0
1271,Biography,71.0,7.4,7.4,82.0,71.0,30000000.0
1272,Action,51.0,6.5,6.5,47.0,51.0,177200000.0
1273,Action,34.0,5.6,5.6,16.0,34.0,60000000.0
1274,Comedy,40.0,5.8,5.8,28.0,40.0,45000000.0
1275,Action,45.0,6.2,6.2,34.0,45.0,33000000.0
1276,Crime,84.0,6.8,6.8,89.0,84.0,0.0
1277,Drama,92.0,7.6,7.6,96.0,92.0,2000000.0
1278,Comedy,54.0,6.6,6.6,67.0,54.0,80000000.0
1279,Horror,54.0,6.6,6.6,67.0,54.0,58000000.0
1280,Comedy,88.0,7.3,7.3,95.0,88.0,13000000.0
1281,Drama,60.0,7.6,7.6,73.0,60.0,7000000.0
1282,Drama,90.0,7.5,7.5,91.0,90.0,35000000.0
1283,Comedy,46.0,7.0,7.0,0.0,46.0,37500000.0
1284,Drama,70.0,6.3,6.3,76.0,70.0,0.0
1285,Horror,62.0,6.5,6.5,71.0,62.0,15000000.0
1286,Action,65.0,7.2,7.2,86.0,65.0,50000000.0
1287,Action,82.0,7.4,7.4,94.0,82.0,150000000.0
1288,Action,21.0,5.3,5.3,17.0,21.0,120000000.0
1289,Comedy,51.0,5.2,5.2,45.0,51.0,20000000.0
1290,Action,42.0,5.2,5.2,45.0,42.0,85000000.0
1291,Action,28.0,6.0,6.0,19.0,28.0,25000000.0
1292,Animation,58.0,6.8,6.8,72.0,58.0,111000000.0
1293,Action,72.0,7.6,7.6,87.0,72.0,38000000.0
1294,Drama,77.0,6.3,6.3,79.0,77.0,10500000.0
1295,Animation,75.0,7.3,7.3,90.0,75.0,80000000.0
1296,Comedy,86.0,7.5,7.5,98.0,86.0,5000000.0
1297,Drama,80.0,6.5,6.5,92.0,80.0,0.0
1298,Comedy,75.0,6.7,6.7,87.0,75.0,6000000.0
1299,Action,0.0,7.8,7.8,0.0,0.0,22000000.0
1300,Action,0.0,7.8,7.8,0.0,0.0,0.0
1301,Crime,39.0,5.8,5.8,32.0,39.0,10000000.0
1302,Biography,76.0,7.3,7.3,91.0,76.0,10000000.0
1303,Adventure,52.0,5.7,5.7,53.0,52.0,5300000.0
1304,Drama,83.0,7.2,7.2,88.0,83.0,50000000.0
1305,Drama,52.0,6.4,6.4,45.0,52.0,10000000.0
1306,Action,72.0,6.2,6.2,79.0,72.0,0.0
1307,Action,44.0,5.9,5.9,50.0,44.0,100000000.0
1308,Comedy,80.0,7.4,7.4,0.0,80.0,0.0
1309,Biography,72.0,6.8,6.8,79.0,72.0,50000000.0
1310,Drama,77.0,7.2,7.2,86.0,77.0,0.0
1311,Horror,78.0,6.2,6.2,87.0,78.0,5000000.0
1312,Animation,49.0,6.3,6.3,59.0,49.0,80000000.0
1313,Comedy,50.0,6.6,6.6,82.0,50.0,25000000.0
1314,Drama,63.0,5.7,5.7,47.0,63.0,68000000.0
1315,Drama,58.0,6.5,6.5,64.0,58.0,5000000.0
1316,Drama,45.0,6.2,6.2,31.0,45.0,25000000.0
1317,Animation,12.0,3.3,3.3,6.0,12.0,50000000.0
1318,Drama,0.0,6.8,6.8,0.0,0.0,18000000.0
1319,Drama,0.0,6.8,6.8,0.0,0.0,12000000.0
1320,Animation,88.0,7.8,7.8,99.0,88.0,40000000.0
1321,Adventure,71.0,6.2,6.2,92.0,71.0,19000000.0
1322,Animation,62.0,7.8,7.8,84.0,62.0,0.0
1323,Action,48.0,6.4,6.4,39.0,48.0,35000000.0
1324,Drama,67.0,7.2,7.2,81.0,67.0,18000000.0
1325,Comedy,73.0,7.2,7.2,85.0,73.0,0.0
1326,Drama,61.0,6.5,6.5,77.0,61.0,1200000.0
1327,Biography,73.0,6.7,6.7,84.0,73.0,25000000.0
1328,Drama,85.0,7.7,7.7,98.0,85.0,0.0
1329,Crime,31.0,6.6,6.6,22.0,31.0,10000000.0
1330,Biography,63.0,6.9,6.9,84.0,63.0,0.0
1331,Biography,49.0,6.4,6.4,0.0,49.0,0.0
1332,Drama,89.0,7.3,7.3,97.0,89.0,0.0
1333,Comedy,69.0,5.8,5.8,78.0,69.0,0.0
1334,Drama,32.0,6.3,6.3,21.0,32.0,20000000.0
1335,Drama,74.0,7.0,7.0,92.0,74.0,0.0
1336,Comedy,43.0,4.1,4.1,28.0,43.0,0.0
1337,Biography,68.0,7.1,7.1,87.0,68.0,0.0
1338,Animation,55.0,6.0,6.0,56.0,55.0,70000000.0
1339,Biography,68.0,6.2,6.2,86.0,68.0,0.0
1340,Comedy,30.0,5.6,5.6,20.0,30.0,40000000.0
1341,Drama,63.0,6.7,6.7,49.0,63.0,0.0
1342,Drama,54.0,5.6,5.6,44.0,54.0,0.0
1343,Biography,38.0,5.9,5.9,18.0,38.0,40000000.0
1344,Action,34.0,5.6,5.6,25.0,34.0,30000000.0
1345,Drama,67.0,7.4,7.4,83.0,67.0,0.0
1346,Action,67.0,7.4,7.4,83.0,67.0,0.0
1347,Drama,67.0,7.4,7.4,83.0,67.0,0.0
1348,Action,67.0,7.4,7.4,83.0,67.0,0.0
1349,Drama,38.0,6.2,6.2,10.0,38.0,25000000.0
1350,Horror,0.0,3.9,3.9,17.0,0.0,0.0
1351,Drama,63.0,6.0,6.0,76.0,63.0,0.0
1352,Biography,51.0,7.2,7.2,68.0,51.0,0.0
1353,Drama,33.0,6.4,6.4,33.0,33.0,0.0
1354,Action,69.0,7.9,7.9,96.0,69.0,0.0
1355,Comedy,71.0,6.5,6.5,79.0,71.0,0.0
1356,Drama,0.0,5.7,5.7,78.0,0.0,0.0
1357,Adventure,71.0,6.2,6.2,68.0,71.0,0.0
1358,Crime,65.0,7.1,7.1,76.0,65.0,0.0
1359,Action,45.0,4.5,4.5,36.0,45.0,42000000.0
1360,Action,57.0,6.2,6.2,65.0,57.0,0.0
1361,Comedy,54.0,6.0,6.0,39.0,54.0,10000000.0
1362,Biography,47.0,6.7,6.7,40.0,47.0,15000000.0
1363,Animation,39.0,6.2,6.2,47.0,39.0,0.0
1364,Animation,39.0,6.2,6.2,47.0,39.0,6500000.0
1365,Biography,54.0,7.1,7.1,64.0,54.0,0.0
1366,Comedy,40.0,5.8,5.8,25.0,40.0,5000000.0
1367,Comedy,22.0,5.5,5.5,17.0,22.0,25000000.0
1368,Action,44.0,5.9,5.9,35.0,44.0,21000000.0
1369,Drama,68.0,6.4,6.4,85.0,68.0,0.0
1370,Biography,44.0,6.1,6.1,49.0,44.0,6400000.0
1371,Drama,62.0,6.5,6.5,58.0,62.0,5400000.0
1372,Comedy,42.0,5.6,5.6,32.0,42.0,28000000.0
1373,Drama,86.0,7.6,7.6,95.0,86.0,0.0
1374,Animation,69.0,6.2,6.2,87.0,69.0,38000000.0
1375,Comedy,68.0,6.0,6.0,75.0,68.0,0.0
1376,Drama,32.0,5.0,5.0,19.0,32.0,12000000.0
1377,Crime,75.0,6.6,6.6,90.0,75.0,0.0
1378,Action,72.0,6.8,6.8,86.0,72.0,0.0
1379,Drama,73.0,6.7,6.7,91.0,73.0,0.0
1380,Biography,55.0,6.6,6.6,54.0,55.0,0.0
1381,Biography,66.0,7.3,7.3,81.0,66.0,12000000.0
1382,Drama,84.0,7.4,7.4,99.0,84.0,0.0
1383,Adventure,80.0,7.2,7.2,90.0,80.0,0.0
1384,Action,0.0,7.2,7.2,0.0,0.0,0.0
1385,Comedy,56.0,6.1,6.1,70.0,56.0,0.0
1386,Drama,46.0,7.0,7.0,61.0,46.0,0.0
1387,Drama,62.0,6.3,6.3,68.0,62.0,0.0
1388,Action,64.0,6.7,6.7,85.0,64.0,0.0
1389,Comedy,50.0,5.7,5.7,48.0,50.0,0.0
1390,Horror,42.0,4.8,4.8,30.0,42.0,0.0
1391,Comedy,36.0,6.3,6.3,54.0,36.0,2000000.0
1392,Drama,37.0,4.2,4.2,19.0,37.0,7400000.0
1393,Action,0.0,7.3,7.3,67.0,0.0,0.0
1394,Drama,82.0,7.5,7.5,96.0,82.0,17000000.0
1395,Action,68.0,8.4,8.4,85.0,68.0,321000000.0
1396,Action,66.0,7.7,7.7,84.0,66.0,110000000.0
1397,Biography,49.0,7.9,7.9,60.0,49.0,52000000.0
1398,Action,88.0,7.3,7.3,96.0,88.0,200000000.0
1399,Drama,87.0,7.3,7.3,89.0,87.0,10000000.0
1400,Comedy,67.0,6.8,6.8,84.0,67.0,20000000.0
1401,Action,55.0,6.9,6.9,65.0,55.0,160000000.0
1402,Action,64.0,7.4,7.4,72.0,64.0,175000000.0
1403,Animation,87.0,8.4,8.4,97.0,87.0,90000000.0
1404,Action,86.0,7.7,7.7,97.0,86.0,178000000.0
1405,Horror,35.0,6.7,6.7,30.0,35.0,0.0
1406,Horror,35.0,6.7,6.7,30.0,35.0,0.0
1407,Action,35.0,6.7,6.7,30.0,35.0,100000000.0
1408,Biography,69.0,8.2,8.2,77.0,69.0,23000000.0
1409,Comedy,74.0,6.9,6.9,90.0,74.0,30000000.0
1410,Action,70.0,7.0,7.0,87.0,70.0,162000000.0
1411,Biography,83.0,7.5,7.5,96.0,83.0,15000000.0
1412,Action,48.0,5.3,5.3,33.0,48.0,88000000.0
1413,Crime,59.0,6.5,6.5,57.0,59.0,29000000.0
1414,Action,62.0,6.9,6.9,70.0,62.0,275000000.0
1415,Drama,38.0,6.6,6.6,21.0,38.0,2800000.0
1416,Crime,60.0,6.5,6.5,59.0,60.0,8500000.0
1417,Action,49.0,7.0,7.0,42.0,49.0,30000000.0
1418,Adventure,79.0,6.8,6.8,88.0,79.0,40000000.0
1419,Action,53.0,6.6,6.6,45.0,53.0,69000000.0
1420,Drama,88.0,7.6,7.6,90.0,88.0,36000000.0
1421,Comedy,60.0,6.6,6.6,79.0,60.0,75000000.0
1422,Action,31.0,6.3,6.3,18.0,31.0,30000000.0
1423,Comedy,57.0,7.3,7.3,81.0,57.0,48000000.0
1424,Action,51.0,6.2,6.2,47.0,51.0,170000000.0
1425,Comedy,89.0,7.4,7.4,99.0,89.0,2000000.0
1426,Action,61.0,6.3,6.3,69.0,61.0,70000000.0
1427,Biography,91.0,7.5,7.5,93.0,91.0,15000000.0
1428,Action,46.0,5.6,5.6,46.0,46.0,130000000.0
1429,Horror,81.0,6.5,6.5,90.0,81.0,6000000.0
1430,Action,61.0,7.1,7.1,62.0,61.0,35000000.0
1431,Drama,31.0,4.5,4.5,11.0,31.0,55000000.0
1432,Animation,80.0,7.6,7.6,93.0,80.0,200000000.0
1433,Action,54.0,5.2,5.2,56.0,54.0,13000000.0
1434,Crime,42.0,6.8,6.8,61.0,42.0,0.0
1435,Drama,60.0,6.6,6.6,62.0,60.0,12000000.0
1436,Horror,46.0,5.3,5.3,24.0,46.0,22000000.0
1437,Biography,57.0,5.9,5.9,59.0,57.0,0.0
1438,Action,50.0,6.7,6.7,52.0,50.0,62000000.0
1439,Drama,67.0,7.0,7.0,68.0,67.0,0.0
1440,Action,56.0,6.3,6.3,55.0,56.0,30000000.0
1441,Action,66.0,6.9,6.9,85.0,66.0,37000000.0
1442,Biography,45.0,6.4,6.4,30.0,45.0,0.0
1443,Action,56.0,6.5,6.5,56.0,56.0,28000000.0
1444,Crime,81.0,7.5,7.5,97.0,81.0,23000000.0
1445,Crime,60.0,7.1,7.1,74.0,60.0,32000000.0
1446,Animation,82.0,7.8,7.8,90.0,82.0,0.0
1447,Adventure,52.0,6.5,6.5,36.0,52.0,200000000.0
1448,Action,43.0,6.6,6.6,37.0,43.0,40000000.0
1449,Crime,58.0,7.0,7.0,71.0,58.0,50000000.0
1450,Crime,59.0,6.6,6.6,79.0,59.0,0.0
1451,Biography,62.0,7.3,7.3,67.0,62.0,25000000.0
1452,Action,56.0,6.6,6.6,69.0,56.0,35000000.0
1453,Comedy,72.0,7.6,7.6,92.0,72.0,17000000.0
1454,Comedy,66.0,6.7,6.7,80.0,66.0,130000000.0
1455,Adventure,88.0,7.2,7.2,100.0,88.0,0.0
1456,Action,66.0,6.7,6.7,90.0,66.0,135000000.0
1457,Biography,61.0,7.2,7.2,65.0,61.0,60000000.0
1458,Animation,54.0,6.3,6.3,62.0,54.0,80000000.0
1459,Action,38.0,6.2,6.2,23.0,38.0,50000000.0
1460,Animation,51.0,6.6,6.6,64.0,51.0,50000000.0
1461,Action,54.0,6.6,6.6,50.0,54.0,35000000.0
1462,Action,52.0,6.1,6.1,49.0,52.0,40000000.0
1463,Action,67.0,7.5,7.5,88.0,67.0,5000000.0
1464,Biography,60.0,6.3,6.3,0.0,60.0,25000000.0
1465,Animation,71.0,7.0,7.0,88.0,71.0,175000000.0
1466,Action,60.0,6.6,6.6,81.0,60.0,38000000.0
1467,Action,48.0,6.3,6.3,52.0,48.0,94000000.0
1468,Action,43.0,6.1,6.1,39.0,43.0,43000000.0
1469,Action,44.0,6.1,6.1,26.0,44.0,100000000.0
1470,Action,50.0,6.3,6.3,43.0,50.0,62000000.0
1471,Action,50.0,6.3,6.3,43.0,50.0,62000000.0
1472,Biography,84.0,7.3,7.3,87.0,84.0,59000000.0
1473,Drama,66.0,7.1,7.1,83.0,66.0,50000000.0
1474,Drama,45.0,6.1,6.1,51.0,45.0,7500000.0
1475,Action,45.0,6.1,6.1,51.0,45.0,120000000.0
1476,Crime,68.0,6.9,6.9,78.0,68.0,0.0
1477,Comedy,66.0,7.4,7.4,80.0,66.0,10000000.0
1478,Drama,19.0,5.5,5.5,11.0,19.0,30000000.0
1479,Crime,84.0,6.8,6.8,91.0,84.0,42000000.0
1480,Drama,90.0,7.5,7.5,95.0,90.0,0.0
1481,Drama,71.0,7.6,7.6,92.0,71.0,880000.0
1482,Drama,21.0,6.9,6.9,13.0,21.0,10000000.0
1483,Comedy,69.0,6.2,6.2,84.0,69.0,21000000.0
1484,Horror,48.0,5.2,5.2,40.0,48.0,5000000.0
1485,Action,29.0,6.5,6.5,13.0,29.0,25000000.0
1486,Adventure,77.0,5.8,5.8,82.0,77.0,0.0
1487,Drama,52.0,6.5,6.5,63.0,52.0,4900000.0
1488,Biography,58.0,6.6,6.6,61.0,58.0,24000000.0
1489,Crime,93.0,7.9,7.9,99.0,93.0,0.0
1490,Comedy,77.0,7.4,7.4,94.0,77.0,0.0
1491,Crime,78.0,6.9,6.9,87.0,78.0,38000000.0
1492,Adventure,77.0,7.3,7.3,86.0,77.0,0.0
1493,Drama,54.0,6.1,6.1,60.0,54.0,0.0
1494,Comedy,48.0,5.6,5.6,35.0,48.0,32000000.0
1495,Action,58.0,6.1,6.1,58.0,58.0,15000000.0
1496,Horror,30.0,3.2,3.2,8.0,30.0,10000000.0
1497,Biography,51.0,7.1,7.1,61.0,51.0,0.0
1498,Drama,68.0,6.8,6.8,88.0,68.0,0.0
1499,Comedy,53.0,6.1,6.1,54.0,53.0,10000000.0
1500,Action,39.0,5.3,5.3,38.0,39.0,0.0
1501,Comedy,80.0,6.9,6.9,93.0,80.0,3200000.0
1502,Action,44.0,5.6,5.6,42.0,44.0,150000000.0
1503,Action,39.0,5.7,5.7,15.0,39.0,34000000.0
1504,Drama,90.0,7.6,7.6,92.0,90.0,0.0
1505,Horror,35.0,5.2,5.2,15.0,35.0,3500000.0
1506,Action,63.0,6.7,6.7,80.0,63.0,51000000.0
1507,Biography,76.0,7.0,7.0,78.0,76.0,0.0
1508,Drama,57.0,6.7,6.7,72.0,57.0,0.0
1509,Adventure,71.0,6.8,6.8,90.0,71.0,2000000.0
1510,Adventure,53.0,4.2,4.2,43.0,53.0,100000000.0
1511,Crime,16.0,3.9,3.9,0.0,16.0,8000000.0
1512,Crime,0.0,8.2,8.2,100.0,0.0,4500000.0
1513,Action,62.0,7.6,7.6,76.0,62.0,0.0
1514,Comedy,46.0,5.6,5.6,38.0,46.0,30000000.0
1515,Biography,68.0,7.0,7.0,88.0,68.0,0.0
1516,Comedy,57.0,6.1,6.1,65.0,57.0,42000000.0
1517,Biography,58.0,7.2,7.2,63.0,58.0,10000000.0
1518,Biography,24.0,4.7,4.7,0.0,24.0,10000000.0
1519,Adventure,60.0,7.3,7.3,72.0,60.0,75000000.0
1520,Action,62.0,6.2,6.2,74.0,62.0,9000000.0
1521,Drama,63.0,5.7,5.7,87.0,63.0,0.0
1522,Drama,69.0,6.6,6.6,86.0,69.0,0.0
1523,Horror,49.0,5.7,5.7,33.0,49.0,10000000.0
1524,Biography,48.0,5.9,5.9,44.0,48.0,0.0
1525,Biography,67.0,6.9,6.9,77.0,67.0,0.0
1526,Biography,87.0,7.1,7.1,98.0,87.0,10000000.0
1527,Drama,63.0,6.4,6.4,80.0,63.0,1500000.0
1528,Biography,69.0,6.9,6.9,80.0,69.0,11000000.0
1529,Action,39.0,6.2,6.2,37.0,39.0,25000000.0
1530,Action,51.0,5.8,5.8,48.0,51.0,125000000.0
1531,Drama,80.0,6.8,6.8,94.0,80.0,0.0
1532,Comedy,36.0,6.7,6.7,24.0,36.0,3500000.0
1533,Biography,59.0,7.1,7.1,72.0,59.0,20000000.0
1534,Animation,0.0,8.1,8.1,0.0,0.0,0.0
1535,Adventure,58.0,6.4,6.4,65.0,58.0,0.0
1536,Biography,49.0,6.2,6.2,32.0,49.0,14000000.0
1537,Biography,40.0,6.2,6.2,35.0,40.0,39000000.0
1538,Crime,42.0,6.5,6.5,53.0,42.0,0.0
1539,Crime,75.0,7.0,7.0,97.0,75.0,0.0
1540,Action,46.0,6.1,6.1,40.0,46.0,0.0
1541,Action,56.0,6.0,6.0,74.0,56.0,7000000.0
1542,Horror,53.0,6.0,6.0,60.0,53.0,1000000.0
1543,Adventure,39.0,5.6,5.6,32.0,39.0,120000000.0
1544,Comedy,28.0,5.7,5.7,13.0,28.0,0.0
1545,Action,27.0,5.4,5.4,23.0,27.0,40000000.0
1546,Comedy,75.0,7.0,7.0,87.0,75.0,13000000.0
1547,Horror,43.0,5.6,5.6,26.0,43.0,0.0
1548,Comedy,43.0,5.6,5.6,26.0,43.0,29000000.0
1549,Biography,48.0,6.6,6.6,72.0,48.0,0.0
1550,Animation,60.0,6.6,6.6,76.0,60.0,80000000.0
1551,Horror,26.0,5.5,5.5,39.0,26.0,5500000.0
1552,Biography,75.0,6.8,6.8,88.0,75.0,0.0
1553,Comedy,46.0,5.8,5.8,44.0,46.0,16000000.0
1554,Comedy,57.0,5.8,5.8,60.0,57.0,19000000.0
1555,Comedy,80.0,7.2,7.2,92.0,80.0,0.0
1556,Horror,37.0,5.2,5.2,18.0,37.0,7700000.0
1557,Drama,87.0,7.1,7.1,95.0,87.0,12000000.0
1558,Crime,49.0,4.8,4.8,37.0,49.0,0.0
1559,Animation,51.0,6.4,6.4,59.0,51.0,75000000.0
1560,Biography,74.0,6.7,6.7,87.0,74.0,0.0
1561,Biography,28.0,5.5,5.5,13.0,28.0,3500000.0
1562,Biography,45.0,5.3,5.3,23.0,45.0,30000000.0
1563,Comedy,36.0,5.1,5.1,15.0,36.0,19000000.0
1564,Comedy,67.0,6.6,6.6,83.0,67.0,0.0
1565,Crime,63.0,6.3,6.3,74.0,63.0,0.0
1566,Biography,68.0,7.8,7.8,77.0,68.0,0.0
1567,Drama,67.0,5.8,5.8,62.0,67.0,0.0
1568,Horror,66.0,5.6,5.6,81.0,66.0,0.0
1569,Comedy,41.0,6.1,6.1,21.0,41.0,13500000.0
1570,Comedy,45.0,5.5,5.5,61.0,45.0,0.0
1571,Drama,40.0,5.4,5.4,12.0,40.0,0.0
1572,Comedy,58.0,5.3,5.3,55.0,58.0,0.0
1573,Drama,63.0,7.0,7.0,56.0,63.0,0.0
1574,Action,52.0,5.2,5.2,51.0,52.0,16000000.0
1575,Animation,68.0,6.1,6.1,80.0,68.0,50000000.0
1576,Biography,30.0,7.4,7.4,67.0,30.0,7000000.0
1577,Drama,58.0,6.2,6.2,58.0,58.0,0.0
1578,Animation,59.0,7.8,7.8,82.0,59.0,8500000.0
1579,Comedy,79.0,6.3,6.3,0.0,79.0,0.0
1580,Action,35.0,5.8,5.8,35.0,35.0,30000000.0
1581,Drama,61.0,6.3,6.3,71.0,61.0,0.0
1582,Biography,71.0,7.1,7.1,97.0,71.0,0.0
1583,Animation,53.0,5.6,5.6,47.0,53.0,35000000.0
1584,Action,70.0,6.2,6.2,85.0,70.0,0.0
1585,Action,49.0,5.8,5.8,24.0,49.0,0.0
1586,Animation,0.0,7.5,7.5,100.0,0.0,0.0
1587,Drama,0.0,5.8,5.8,60.0,0.0,0.0
1588,Drama,72.0,7.1,7.1,83.0,72.0,9000000.0
1589,Comedy,83.0,7.6,7.6,85.0,83.0,90000000.0
1590,Action,78.0,8.4,8.4,94.0,78.0,356000000.0
1591,Biography,68.0,7.1,7.1,93.0,68.0,11000000.0
1592,Drama,91.0,7.8,7.8,95.0,91.0,18000000.0
1593,Drama,91.0,7.8,7.8,95.0,91.0,40000000.0
1594,Action,48.0,6.4,6.4,51.0,48.0,9000000.0
1595,Comedy,53.0,5.5,5.5,54.0,53.0,0.0
1596,Crime,59.0,8.4,8.4,68.0,59.0,55000000.0
1597,Comedy,55.0,6.8,6.8,63.0,55.0,26000000.0
1598,Horror,96.0,8.6,8.6,98.0,96.0,800000.0
1599,Comedy,96.0,8.6,8.6,98.0,96.0,11400000.0
1600,Action,73.0,7.4,7.4,89.0,73.0,75000000.0
1601,Comedy,82.0,7.9,7.9,97.0,82.0,40000000.0
1602,Action,64.0,6.8,6.8,79.0,64.0,160000000.0
1603,Drama,30.0,5.3,5.3,18.0,30.0,14000000.0
1604,Action,69.0,7.4,7.4,90.0,69.0,160000000.0
1605,Comedy,58.0,7.9,7.9,80.0,58.0,14000000.0
1606,Action,71.0,7.0,7.0,90.0,71.0,100000000.0
1607,Drama,58.0,6.5,6.5,62.0,58.0,79000000.0
1608,Drama,78.0,8.3,8.3,89.0,78.0,95000000.0
1609,Action,53.0,6.5,6.5,52.0,53.0,275000000.0
1610,Action,81.0,8.1,8.1,92.0,81.0,97600000.0
1611,Biography,94.0,7.8,7.8,95.0,94.0,159000000.0
1612,Drama,83.0,7.5,7.5,90.0,83.0,0.0
1613,Action,58.0,6.7,6.7,71.0,58.0,125000000.0
1614,Action,53.0,7.3,7.3,61.0,53.0,170000000.0
1615,Horror,81.0,6.8,6.8,93.0,81.0,20000000.0
1616,Action,64.0,6.9,6.9,88.0,64.0,6000000.0
1617,Action,54.0,6.2,6.2,70.0,54.0,185000000.0
1618,Drama,0.0,8.7,8.7,0.0,0.0,13000000.0
1619,Action,38.0,5.7,5.7,26.0,38.0,138000000.0
1620,Comedy,84.0,7.2,7.2,96.0,84.0,6000000.0
1621,Adventure,63.0,6.1,6.1,85.0,63.0,49000000.0
1622,Drama,43.0,6.6,6.6,36.0,43.0,20000000.0
1623,Biography,49.0,7.3,7.3,53.0,49.0,10000000.0
1624,Biography,63.0,7.3,7.3,82.0,63.0,0.0
1625,Comedy,94.0,7.9,7.9,94.0,94.0,18600000.0
1626,Action,48.0,6.0,6.0,42.0,48.0,170000000.0
1627,Biography,69.0,7.3,7.3,0.0,69.0,40000000.0
1628,Comedy,79.0,6.3,6.3,87.0,79.0,20000000.0
1629,Drama,40.0,6.7,6.7,34.0,40.0,0.0
1630,Drama,40.0,6.7,6.7,34.0,40.0,7000000.0
1631,Action,40.0,6.7,6.7,34.0,40.0,0.0
1632,Drama,95.0,8.1,8.1,98.0,95.0,0.0
1633,Animation,84.0,7.7,7.7,97.0,84.0,200000000.0
1634,Action,55.0,6.7,6.7,68.0,55.0,42000000.0
1635,Comedy,67.0,6.8,6.8,81.0,67.0,40000000.0
1636,Action,45.0,6.4,6.4,39.0,45.0,40000000.0
1637,Action,38.0,5.6,5.6,23.0,38.0,110000000.0
1638,Action,43.0,5.7,5.7,22.0,43.0,200000000.0
1639,Animation,64.0,6.8,6.8,78.0,64.0,150000000.0
1640,Drama,44.0,6.1,6.1,57.0,44.0,6000000.0
1641,Adventure,80.0,6.5,6.5,83.0,80.0,90000000.0
1642,Adventure,70.0,7.6,7.6,95.0,70.0,6200000.0
1643,Adventure,0.0,6.7,6.7,36.0,0.0,20000000.0
1644,Horror,53.0,5.6,5.6,56.0,53.0,5000000.0
1645,Drama,53.0,7.2,7.2,53.0,53.0,7000000.0
1646,Action,57.0,6.2,6.2,68.0,57.0,60000000.0
1647,Action,60.0,6.1,6.1,83.0,60.0,13500000.0
1648,Horror,53.0,5.9,5.9,65.0,53.0,30000000.0
1649,Action,26.0,6.1,6.1,0.0,26.0,50000000.0
1650,Comedy,70.0,6.5,6.5,79.0,70.0,4000000.0
1651,Drama,40.0,6.4,6.4,25.0,40.0,45000000.0
1652,Biography,80.0,7.3,7.3,0.0,80.0,25000000.0
1653,Animation,71.0,7.5,7.5,90.0,71.0,129000000.0
1654,Action,53.0,6.6,6.6,68.0,53.0,150000000.0
1655,Adventure,43.0,6.6,6.6,39.0,43.0,185000000.0
1656,Drama,83.0,7.3,7.3,92.0,83.0,0.0
1657,Animation,55.0,6.5,6.5,60.0,55.0,80000000.0
1658,Action,54.0,6.0,6.0,44.0,54.0,25000000.0
1659,Adventure,61.0,6.2,6.2,77.0,61.0,25000000.0
1660,Thriller,39.0,5.6,5.6,33.0,39.0,8000000.0
1661,Animation,60.0,6.4,6.4,73.0,60.0,65000000.0
1662,Comedy,49.0,5.4,5.4,41.0,49.0,20000000.0
1663,Adventure,43.0,5.0,5.0,45.0,43.0,12000000.0
1664,Action,65.0,6.6,6.6,84.0,65.0,0.0
1665,Comedy,57.0,6.2,6.2,71.0,57.0,9000000.0
1666,Animation,72.0,7.5,7.5,92.0,72.0,11100000.0
1667,Comedy,70.0,6.3,6.3,94.0,70.0,0.0
1668,Animation,65.0,6.6,6.6,84.0,65.0,99000000.0
1669,Drama,72.0,6.6,6.6,90.0,72.0,0.0
1670,Drama,91.0,6.4,6.4,89.0,91.0,0.0
1671,Comedy,89.0,7.6,7.6,97.0,89.0,0.0
1672,Comedy,35.0,5.5,5.5,13.0,35.0,21000000.0
1673,Comedy,38.0,6.4,6.4,45.0,38.0,0.0
1674,Comedy,55.0,5.5,5.5,57.0,55.0,5000000.0
1675,Action,35.0,5.6,5.6,23.0,35.0,38000000.0
1676,Comedy,35.0,5.3,5.3,29.0,35.0,0.0
1677,Action,42.0,6.2,6.2,42.0,42.0,16000000.0
1678,Comedy,43.0,7.6,7.6,44.0,43.0,18000000.0
1679,Comedy,71.0,6.9,6.9,88.0,71.0,15000000.0
1680,Comedy,51.0,6.5,6.5,50.0,51.0,20000000.0
1681,Action,62.0,7.0,7.0,85.0,62.0,52000000.0
1682,Animation,61.0,7.0,7.0,82.0,61.0,75000000.0
1683,Drama,43.0,6.4,6.4,27.0,43.0,0.0
1684,Comedy,60.0,5.9,5.9,70.0,60.0,31000000.0
1685,Action,42.0,5.4,5.4,30.0,42.0,0.0
1686,Adventure,43.0,7.5,7.5,51.0,43.0,16000000.0
1687,Drama,49.0,6.4,6.4,43.0,49.0,5000000.0
1688,Animation,39.0,5.1,5.1,28.0,39.0,45000000.0
1689,Biography,48.0,6.8,6.8,51.0,48.0,20000000.0
1690,Drama,63.0,5.7,5.7,83.0,63.0,0.0
1691,Comedy,72.0,6.8,6.8,88.0,72.0,0.0
1692,Comedy,0.0,8.3,8.3,58.0,0.0,0.0
1693,Action,41.0,5.8,5.8,21.0,41.0,15000000.0
1694,Adventure,50.0,6.7,6.7,59.0,50.0,18000000.0
1695,Biography,0.0,8.0,8.0,31.0,0.0,0.0
1696,Animation,45.0,5.9,5.9,34.0,45.0,90000000.0
1697,Action,65.0,6.9,6.9,97.0,65.0,0.0
1698,Crime,18.0,4.1,4.1,16.0,18.0,18000000.0
1699,Drama,77.0,6.9,6.9,95.0,77.0,0.0
1700,Action,60.0,5.6,5.6,67.0,60.0,10000000.0
1701,Action,57.0,6.0,6.0,71.0,57.0,48000000.0
1702,Action,66.0,6.0,6.0,90.0,66.0,59000000.0
1703,Drama,0.0,6.0,6.0,0.0,0.0,1100000.0
1704,Animation,68.0,6.7,6.7,88.0,68.0,100000000.0
1705,Biography,46.0,6.3,6.3,63.0,46.0,14000000.0
1706,Comedy,36.0,6.1,6.1,36.0,36.0,10000000.0
1707,Fantasy,45.0,5.9,5.9,43.0,45.0,6000000.0
1708,Animation,54.0,7.5,7.5,88.0,54.0,0.0
1709,Drama,67.0,6.9,6.9,68.0,67.0,0.0
1710,Drama,65.0,7.9,7.9,96.0,65.0,0.0
1711,Crime,0.0,5.3,5.3,17.0,0.0,0.0
1712,Drama,17.0,6.7,6.7,56.0,17.0,5000000.0
1713,Crime,71.0,6.3,6.3,87.0,71.0,0.0
1714,Comedy,39.0,4.5,4.5,11.0,39.0,20000000.0
1715,Crime,38.0,5.1,5.1,0.0,38.0,0.0
1716,Action,0.0,7.1,7.1,82.0,0.0,0.0
1717,Drama,49.0,5.8,5.8,42.0,49.0,0.0
1718,Drama,52.0,5.9,5.9,52.0,52.0,9000000.0
1719,Comedy,0.0,6.2,6.2,80.0,0.0,0.0
1720,Drama,0.0,3.5,3.5,39.0,0.0,0.0
1721,Action,0.0,8.1,8.1,80.0,0.0,0.0
1722,Drama,0.0,6.5,6.5,60.0,0.0,0.0
1723,Fantasy,0.0,6.5,6.5,0.0,0.0,5000000.0
1724,Action,0.0,7.2,7.2,38.0,0.0,0.0
1725,Action,0.0,5.3,5.3,8.0,0.0,0.0
1726,Action,0.0,8.2,8.2,0.0,0.0,0.0
1727,Drama,0.0,6.0,6.0,0.0,0.0,0.0
1728,Drama,57.0,5.4,5.4,59.0,57.0,0.0
1729,Biography,10.0,5.9,5.9,42.0,10.0,6000000.0
1730,Action,0.0,2.2,2.2,6.0,0.0,0.0
1731,Action,33.0,6.3,6.3,44.0,33.0,0.0
1732,Comedy,0.0,6.3,6.3,31.0,0.0,0.0
1733,Comedy,0.0,6.6,6.6,23.0,0.0,0.0
1734,Sport,0.0,6.0,6.0,50.0,0.0,0.0
1735,Animation,0.0,7.4,7.4,0.0,0.0,0.0
1736,Comedy,61.0,5.2,5.2,83.0,61.0,0.0
1737,Animation,0.0,6.2,6.2,60.0,0.0,0.0
1738,Drama,65.0,6.3,6.3,90.0,65.0,350000.0
1739,Comedy,82.0,6.7,6.7,89.0,82.0,0.0
1740,Action,0.0,6.6,6.6,15.0,0.0,0.0
1741,Action,0.0,6.3,6.3,95.0,0.0,0.0
1742,Drama,65.0,6.9,6.9,79.0,65.0,0.0
1743,Comedy,0.0,5.5,5.5,77.0,0.0,0.0
1744,Horror,53.0,4.8,4.8,67.0,53.0,0.0
1745,Action,0.0,5.6,5.6,0.0,0.0,0.0
1746,Action,0.0,4.7,4.7,32.0,0.0,0.0
1747,Musical,0.0,7.8,7.8,0.0,0.0,0.0
1748,Crime,57.0,6.4,6.4,58.0,57.0,0.0
1749,Horror,0.0,6.0,6.0,0.0,0.0,2500000.0
1750,Action,0.0,3.5,3.5,0.0,0.0,1200000.0
1751,Musical,0.0,8.1,8.1,0.0,0.0,0.0
1752,Drama,0.0,6.8,6.8,0.0,0.0,0.0
1753,Comedy,0.0,4.7,4.7,0.0,0.0,0.0
1754,Comedy,0.0,5.9,5.9,0.0,0.0,0.0
1755,Action,0.0,5.6,5.6,40.0,0.0,0.0
1756,Action,0.0,4.2,4.2,30.0,0.0,0.0
1757,Comedy,0.0,5.7,5.7,0.0,0.0,0.0
1758,Comedy,0.0,4.1,4.1,13.0,0.0,0.0
1759,Action,0.0,6.1,6.1,83.0,0.0,0.0
1760,Crime,0.0,5.5,5.5,0.0,0.0,0.0
1761,Drama,83.0,6.5,6.5,90.0,83.0,0.0
1762,Drama,0.0,6.4,6.4,0.0,0.0,0.0
1763,Animation,0.0,7.6,7.6,0.0,0.0,0.0
1764,Comedy,0.0,5.0,5.0,57.0,0.0,0.0
1765,Drama,0.0,6.4,6.4,0.0,0.0,0.0
1766,Drama,0.0,6.7,6.7,0.0,0.0,0.0
1767,Adventure,0.0,5.7,5.7,71.0,0.0,0.0
1768,Action,0.0,4.5,4.5,22.0,0.0,0.0
1769,Action,0.0,5.8,5.8,75.0,0.0,0.0
1770,Family,0.0,4.7,4.7,60.0,0.0,0.0
1771,Action,0.0,3.0,3.0,0.0,0.0,0.0
1772,Drama,0.0,4.8,4.8,0.0,0.0,0.0
1773,Drama,67.0,6.8,6.8,75.0,67.0,0.0
